Time,Concentration
10:32:36,3473
10:32:37,3539
10:32:38,3521
10:32:39,3480
10:32:40,3373
10:32:41,3530
10:32:42,3497
10:32:43,3379
10:32:44,3482
10:32:45,3441
10:32:46,3444
10:32:47,3341
10:32:48,3353
10:32:49,3412
10:32:50,3393
10:32:51,3460
10:32:52,3481
10:32:53,3253
10:32:54,3437
10:32:55,3507
10:32:56,3437
10:32:57,3633
10:32:58,3568
10:32:59,3528
10:33:00,3529
10:33:01,3473
10:33:02,3568
10:33:03,3479
10:33:04,3564
10:33:05,3531
10:33:06,3409
10:33:07,3723
10:33:08,3830
10:33:09,3666
10:33:10,3700
10:33:11,3732
10:33:12,3642
10:33:13,3617
10:33:14,3600
10:33:15,3622
10:33:16,3542
10:33:17,3693
10:33:18,3746
10:33:19,3675
10:33:20,3577
10:33:21,3595
10:33:22,3558
10:33:23,3698
10:33:24,3534
10:33:25,3470
10:33:26,3334
10:33:27,3334
10:33:28,3279
10:33:29,3378
10:33:30,3540
10:33:31,3487
10:33:32,3356
10:33:33,3295
10:33:34,3547
10:33:35,4378
10:33:36,4969
10:33:37,4807
10:33:38,4883
10:33:39,5238
10:33:40,5218
10:33:41,5305
10:33:42,5212
10:33:43,5206
10:33:44,5074
10:33:45,5070
10:33:46,5149
10:33:47,5051
10:33:48,5103
10:33:49,5107
10:33:50,5287
10:33:51,5349
10:33:52,5327
10:33:53,5171
10:33:54,5415
10:33:55,5435
10:33:56,5423
10:33:57,5349
10:33:58,5607
10:33:59,5577
10:34:00,5397
10:34:01,5478
10:34:02,5550
10:34:03,5359
10:34:04,5398
10:34:05,5463
10:34:06,5485
10:34:07,5386
10:34:08,5397
10:34:09,5394
10:34:10,5570
10:34:11,5387
10:34:12,5696
10:34:13,5400
10:34:14,5404
10:34:15,5533
10:34:16,5329
10:34:17,5333
10:34:18,5345
10:34:19,5335
10:34:20,5436
10:34:21,5397
10:34:22,5504
10:34:23,5475
10:34:24,5415
10:34:25,5506
10:34:26,5612
10:34:27,5652
10:34:28,5673
10:34:29,5688
10:34:30,5480
10:34:31,5321
10:34:32,5388
10:34:33,5301
10:34:34,5377
10:34:35,5313
10:34:36,5316
10:34:37,5232
10:34:38,5167
10:34:39,5262
10:34:40,5224
10:34:41,5096
10:34:42,5148
10:34:43,5222
10:34:44,5259
10:34:45,5161
10:34:46,5285
10:34:47,5270
10:34:48,5219
10:34:49,5155
10:34:50,5085
10:34:51,5072
10:34:52,5069
10:34:53,4965
10:34:54,5060
10:34:55,4863
10:34:56,5009
10:34:57,5085
10:34:58,5122
10:34:59,5025
10:35:00,4903
10:35:01,4885
10:35:02,4844
10:35:03,4780
10:35:04,4792
10:35:05,4683
10:35:06,4856
10:35:07,5046
10:35:08,5053
10:35:09,5320
10:35:10,5038
10:35:11,4981
10:35:12,5133
10:35:13,4975
10:35:14,4953
10:35:15,4976
10:35:16,5157
10:35:17,5130
10:35:18,5282
10:35:19,5140
10:35:20,5115
10:35:21,5060
10:35:22,5227
10:35:23,5478
10:35:24,5549
10:35:25,5439
10:35:26,5598
10:35:27,5546
10:35:28,5546
10:35:29,5539
10:35:30,5437
10:35:31,5459
10:35:32,5456
10:35:33,5694
10:35:34,5691
10:35:35,5798
10:35:36,5838
10:35:37,5554
10:35:38,5719
10:35:39,5604
10:35:40,5645
10:35:41,5579
10:35:42,5710
10:35:43,5732
10:35:44,5691
10:35:45,5582
10:35:46,5640
10:35:47,5540
10:35:48,5748
10:35:49,6228
10:35:50,6582
10:35:51,7122
10:35:52,8183
10:35:53,8734
10:35:54,8276
10:35:55,6989
10:35:56,9822
10:35:57,42377
10:35:58,74354
10:35:59,47128
10:36:00,39282
10:36:01,37315
10:36:02,16949
10:36:03,8805
10:36:04,6976
10:36:05,6313
10:36:06,6296
10:36:07,6294
10:36:08,6108
10:36:09,6042
10:36:10,6149
10:36:11,5943
10:36:12,6167
10:36:13,5762
10:36:14,5689
10:36:15,5762
10:36:16,5579
10:36:17,5644
10:36:18,5863
10:36:19,6078
10:36:20,6332
10:36:21,6251
10:36:22,6426
10:36:23,6171
10:36:24,6287
10:36:25,6340
10:36:26,6392
10:36:27,6559
10:36:28,6522
10:36:29,6267
10:36:30,5527
10:36:31,5416
10:36:32,5419
10:36:33,5061
10:36:34,5394
10:36:35,5456
10:36:36,5621
10:36:37,5717
10:36:38,5784
10:36:39,5855
10:36:40,5823
10:36:41,5227
10:36:42,5026
10:36:43,5053
10:36:44,4908
10:36:45,4883
10:36:46,4986
10:36:47,5145
10:36:48,5144
10:36:49,5020
10:36:50,5002
10:36:51,5002
10:36:52,5126
10:36:53,5190
10:36:54,5186
10:36:55,5391
10:36:56,5394
10:36:57,5217
10:36:58,5186
10:36:59,5028
10:37:00,5140
10:37:01,5371
10:37:02,5402
10:37:03,5544
10:37:04,5596
10:37:05,5692
10:37:06,6101
10:37:07,6056
10:37:08,5923
10:37:09,5888
10:37:10,5955
10:37:11,5919
10:37:12,5875
10:37:13,5967
10:37:14,5994
10:37:15,6222
10:37:16,6172
10:37:17,5881
10:37:18,6145
10:37:19,6018
10:37:20,5565
10:37:21,5442
10:37:22,5282
10:37:23,5165
10:37:24,5265
10:37:25,5311
10:37:26,5341
10:37:27,5287
10:37:28,5302
10:37:29,5241
10:37:30,5220
10:37:31,5251
10:37:32,5278
10:37:33,5275
10:37:34,5147
10:37:35,5228
10:37:36,5111
10:37:37,5240
10:37:38,5281
10:37:39,5221
10:37:40,5213
10:37:41,5240
10:37:42,5244
10:37:43,5360
10:37:44,5478
10:37:45,5349
10:37:46,5411
10:37:47,5364
10:37:48,5261
10:37:49,5425
10:37:50,5679
10:37:51,5876
10:37:52,5882
10:37:53,5559
10:37:54,5644
10:37:55,5534
10:37:56,5461
10:37:57,5450
10:37:58,5416
10:37:59,5526
10:38:00,5561
10:38:01,5991
10:38:02,6095
10:38:03,6002
10:38:04,6055
10:38:05,5910
10:38:06,5846
10:38:07,5858
10:38:08,5804
10:38:09,5655
10:38:10,5604
10:38:11,5781
10:38:12,5855
10:38:13,5767
10:38:14,5698
10:38:15,5812
10:38:16,5608
10:38:17,5605
10:38:18,5593
10:38:19,5621
10:38:20,5751
10:38:21,5691
10:38:22,5492
10:38:23,5381
10:38:24,5317
10:38:25,5678
10:38:26,7144
10:38:27,7529
10:38:28,7654
10:38:29,8256
10:38:30,8009
10:38:31,6719
10:38:32,6578
10:38:33,6971
10:38:34,7106
10:38:35,6679
10:38:36,8697
10:38:37,10821
10:38:38,7806
10:38:39,6261
10:38:40,5965
10:38:41,5986
10:38:42,6023
10:38:43,6121
10:38:44,6146
10:38:45,5885
10:38:46,5666
10:38:47,5620
10:38:48,5370
10:38:49,5326
10:38:50,5329
10:38:51,5798
10:38:52,5756
10:38:53,6385
10:38:54,6909
10:38:55,7111
10:38:56,7051
10:38:57,9036
10:38:58,10663
10:38:59,12854
10:39:00,12464
10:39:01,12140
10:39:02,7924
10:39:03,6840
10:39:04,5716
10:39:05,5663
10:39:06,5551
10:39:07,5516
10:39:08,5360
10:39:09,5323
10:39:10,5281
10:39:11,5473
10:39:12,5313
10:39:13,5175
10:39:14,5175
10:39:15,5319
10:39:16,5329
10:39:17,5214
10:39:18,5150
10:39:19,5337
10:39:20,5382
10:39:21,5298
10:39:22,5318
10:39:23,5259
10:39:24,5369
10:39:25,5366
10:39:26,5363
10:39:27,5526
10:39:28,5355
10:39:29,5534
10:39:30,5498
10:39:31,5444
10:39:32,5248
10:39:33,5217
10:39:34,5382
10:39:35,5329
10:39:36,5280
10:39:37,5254
10:39:38,5218
10:39:39,5043
10:39:40,5194
10:39:41,5063
10:39:42,5220
10:39:43,5231
10:39:44,5244
10:39:45,5293
10:39:46,5305
10:39:47,5254
10:39:48,5359
10:39:49,5133
10:39:50,5206
10:39:51,5264
10:39:52,5216
10:39:53,5263
10:39:54,5099
10:39:55,5020
10:39:56,5204
10:39:57,5211
10:39:58,5157
10:39:59,5175
10:40:00,5152
10:40:01,5130
10:40:02,4960
10:40:03,5080
10:40:04,5046
10:40:05,5080
10:40:06,4787
10:40:07,4601
10:40:08,4573
10:40:09,4615
10:40:10,4482
10:40:11,4415
10:40:12,4462
10:40:13,4497
10:40:14,4466
10:40:15,4451
10:40:16,4542
10:40:17,4544
10:40:18,4569
10:40:19,4600
10:40:20,4590
10:40:21,4681
10:40:22,4643
10:40:23,4510
10:40:24,4458
10:40:25,4444
10:40:26,4462
10:40:27,4450
10:40:28,4692
10:40:29,4678
10:40:30,4630
10:40:31,4701
10:40:32,4756
10:40:33,4843
10:40:34,4965
10:40:35,4790
10:40:36,4905
10:40:37,4837
10:40:38,4661
10:40:39,4619
10:40:40,4712
10:40:41,4865
10:40:42,4824
10:40:43,4910
10:40:44,4652
10:40:45,4586
10:40:46,4704
10:40:47,4728
10:40:48,4731
10:40:49,4706
10:40:50,4832
10:40:51,4788
10:40:52,4704
10:40:53,4639
10:40:54,4746
10:40:55,4738
10:40:56,4743
10:40:57,4782
10:40:58,4855
10:40:59,4745
10:41:00,4836
10:41:01,4995
10:41:02,4706
10:41:03,4619
10:41:04,4822
10:41:05,4746
10:41:06,4697
10:41:07,4934
10:41:08,4995
10:41:09,4699
10:41:10,4734
10:41:11,4661
10:41:12,4794
10:41:13,4965
10:41:14,4956
10:41:15,5004
10:41:16,5097
10:41:17,5095
10:41:18,5195
10:41:19,5264
10:41:20,4953
10:41:21,4935
10:41:22,4855
10:41:23,5020
10:41:24,5074
10:41:25,5054
10:41:26,5096
10:41:27,5141
10:41:28,5573
10:41:29,5374
10:41:30,5337
10:41:31,5248
10:41:32,5072
10:41:33,5068
10:41:34,5035
10:41:35,5139
10:41:36,4913
10:41:37,5005
10:41:38,5134
10:41:39,5023
10:41:40,4810
10:41:41,4993
10:41:42,4723
10:41:43,4755
10:41:44,4689
10:41:45,4793
10:41:46,4942
10:41:47,4949
10:41:48,4688
10:41:49,4774
10:41:50,5099
10:41:51,5384
10:41:52,5186
10:41:53,5130
10:41:54,4874
10:41:55,4949
10:41:56,4802
10:41:57,4838
10:41:58,5064
10:41:59,5108
10:42:00,4795
10:42:01,4793
10:42:02,4845
10:42:03,4926
10:42:04,4906
10:42:05,4819
10:42:06,4863
10:42:07,4880
10:42:08,5105
10:42:09,5268
10:42:10,5130
10:42:11,5158
10:42:12,4970
10:42:13,4761
10:42:14,4908
10:42:15,5077
10:42:16,5046
10:42:17,5105
10:42:18,4979
10:42:19,4920
10:42:20,4851
10:42:21,4944
10:42:22,4739
10:42:23,4926
10:42:24,4981
10:42:25,4889
10:42:26,4774
10:42:27,4866
10:42:28,4903
10:42:29,4942
10:42:30,4802
10:42:31,4740
10:42:32,4824
10:42:33,4836
10:42:34,4829
10:42:35,4948
10:42:36,4888
10:42:37,4911
10:42:38,5017
10:42:39,4725
10:42:40,4861
10:42:41,4920
10:42:42,5076
10:42:43,4963
10:42:44,5125
10:42:45,5167
10:42:46,5320
10:42:47,5153
10:42:48,5228
10:42:49,5218
10:42:50,5319
10:42:51,5214
10:42:52,5200
10:42:53,5109
10:42:54,5017
10:42:55,5018
10:42:56,5053
10:42:57,5307
10:42:58,5345
10:42:59,5287
10:43:00,5363
10:43:01,5186
10:43:02,5010
10:43:03,4954
10:43:04,4976
10:43:05,5026
10:43:06,5010
10:43:07,5010
10:43:08,4997
10:43:09,4934
10:43:10,4899
10:43:11,4914
10:43:12,4877
10:43:13,4968
10:43:14,5100
10:43:15,5009
10:43:16,4884
10:43:17,5005
10:43:18,4875
10:43:19,4894
10:43:20,5090
10:43:21,5276
10:43:22,5256
10:43:23,5050
10:43:24,5172
10:43:25,5222
10:43:26,5200
10:43:27,5274
10:43:28,5294
10:43:29,5383
10:43:30,5424
10:43:31,5429
10:43:32,5379
10:43:33,5310
10:43:34,5306
10:43:35,5383
10:43:36,5519
10:43:37,5564
10:43:38,5494
10:43:39,5617
10:43:40,5490
10:43:41,5530
10:43:42,5493
10:43:43,5414
10:43:44,5450
10:43:45,5474
10:43:46,5444
10:43:47,5411
10:43:48,5410
10:43:49,5607
10:43:50,5478
10:43:51,5367
10:43:52,5398
10:43:53,5252
10:43:54,5365
10:43:55,5336
10:43:56,5450
10:43:57,5440
10:43:58,5355
10:43:59,5364
10:44:00,5512
10:44:01,5319
10:44:02,5394
10:44:03,5444
10:44:04,5345
10:44:05,5377
10:44:06,5517
10:44:07,5510
10:44:08,5462
10:44:09,5549
10:44:10,5412
10:44:11,5431
10:44:12,5245
10:44:13,5127
10:44:14,5372
10:44:15,5610
10:44:16,5531
10:44:17,5509
10:44:18,5609
10:44:19,5491
10:44:20,5680
10:44:21,5632
10:44:22,5498
10:44:23,5586
10:44:24,5580
10:44:25,5759
10:44:26,5913
10:44:27,5932
10:44:28,5835
10:44:29,5661
10:44:30,5838
10:44:31,5790
10:44:32,5884
10:44:33,5847
10:44:34,5915
10:44:35,6074
10:44:36,6017
10:44:37,5947
10:44:38,6094
10:44:39,6104
10:44:40,6267
10:44:41,6214
10:44:42,6143
10:44:43,5869
10:44:44,5911
10:44:45,5938
10:44:46,5958
10:44:47,5902
10:44:48,5806
10:44:49,5762
10:44:50,5767
10:44:51,5607
10:44:52,5708
10:44:53,5728
10:44:54,5764
10:44:55,5580
10:44:56,5748
10:44:57,5709
10:44:58,5733
10:44:59,5798
10:45:00,5724
10:45:01,5680
10:45:02,5733
10:45:03,5644
10:45:04,5691
10:45:05,5743
10:45:06,5929
10:45:07,5881
10:45:08,5795
10:45:09,5718
10:45:10,5758
10:45:11,5642
10:45:12,5782
10:45:13,5934
10:45:14,5759
10:45:15,5832
10:45:16,5689
10:45:17,5608
10:45:18,5613
10:45:19,5702
10:45:20,5747
10:45:21,5841
10:45:22,5740
10:45:23,5703
10:45:24,5643
10:45:25,5646
10:45:26,5806
10:45:27,5762
10:45:28,5731
10:45:29,5731
10:45:30,5700
10:45:31,5783
10:45:32,5640
10:45:33,5919
10:45:34,5806
10:45:35,5748
10:45:36,5743
10:45:37,5717
10:45:38,5789
10:45:39,5710
10:45:40,5690
10:45:41,5732
10:45:42,5778
10:45:43,5638
10:45:44,5722
10:45:45,5756
10:45:46,5573
10:45:47,5606
10:45:48,5578
10:45:49,5628
10:45:50,5721
10:45:51,5627
10:45:52,5611
10:45:53,5547
10:45:54,5630
10:45:55,5614
10:45:56,5686
10:45:57,5603
10:45:58,5602
10:45:59,5425
10:46:00,5526
10:46:01,5617
10:46:02,5598
10:46:03,5492
10:46:04,5631
10:46:05,5480
10:46:06,5480
10:46:07,5714
10:46:08,5475
10:46:09,5540
10:46:10,5430
10:46:11,5487
10:46:12,5354
10:46:13,5439
10:46:14,5539
10:46:15,5525
10:46:16,5523
10:46:17,5397
10:46:18,5485
10:46:19,5499
10:46:20,5405
10:46:21,5470
10:46:22,5517
10:46:23,5367
10:46:24,5548
10:46:25,5534
10:46:26,5561
10:46:27,5574
10:46:28,5379
10:46:29,5531
10:46:30,5439
10:46:31,5456
10:46:32,5487
10:46:33,5503
10:46:34,5487
10:46:35,5383
10:46:36,5428
10:46:37,5441
10:46:38,5301
10:46:39,5379
10:46:40,5464
10:46:41,5555
10:46:42,5548
10:46:43,5598
10:46:44,5551
10:46:45,5616
10:46:46,5477
10:46:47,5427
10:46:48,5580
10:46:49,5540
10:46:50,5380
10:46:51,5388
10:46:52,5470
10:46:53,5442
10:46:54,5602
10:46:55,5579
10:46:56,5613
10:46:57,5450
10:46:58,5443
10:46:59,5314
10:47:00,5438
10:47:01,5338
10:47:02,5556
10:47:03,5523
10:47:04,5418
10:47:05,5340
10:47:06,5360
10:47:07,5384
10:47:08,5251
10:47:09,5372
10:47:10,5377
10:47:11,5470
10:47:12,5375
10:47:13,5389
10:47:14,5433
10:47:15,5422
10:47:16,5287
10:47:17,5412
10:47:18,5155
10:47:19,5268
10:47:20,5287
10:47:21,5299
10:47:22,5257
10:47:23,5305
10:47:24,5252
10:47:25,5397
10:47:26,5386
10:47:27,5524
10:47:28,5503
10:47:29,5338
10:47:30,5433
10:47:31,5451
10:47:32,5492
10:47:33,5385
10:47:34,5369
10:47:35,5466
10:47:36,5467
10:47:37,5548
10:47:38,5357
10:47:39,5484
10:47:40,5424
10:47:41,5596
10:47:42,5530
10:47:43,5492
10:47:44,5447
10:47:45,5479
10:47:46,5498
10:47:47,5461
10:47:48,5467
10:47:49,5366
10:47:50,5473
10:47:51,5349
10:47:52,5435
10:47:53,5257
10:47:54,5398
10:47:55,5405
10:47:56,5372
10:47:57,5280
10:47:58,5486
10:47:59,5362
10:48:00,5500
10:48:01,5420
10:48:02,5444
10:48:03,5517
10:48:04,5366
10:48:05,5313
10:48:06,5327
10:48:07,5418
10:48:08,5343
10:48:09,5297
10:48:10,5360
10:48:11,5444
10:48:12,5352
10:48:13,5392
10:48:14,5553
10:48:15,5405
10:48:16,5397
10:48:17,5315
10:48:18,5273
10:48:19,5283
10:48:20,5512
10:48:21,5434
10:48:22,5414
10:48:23,5355
10:48:24,5333
10:48:25,5349
10:48:26,5357
10:48:27,5418
10:48:28,5374
10:48:29,5271
10:48:30,5326
10:48:31,5279
10:48:32,5379
10:48:33,5212
10:48:34,5349
10:48:35,5157
10:48:36,5240
10:48:37,5140
10:48:38,5075
10:48:39,5096
10:48:40,5110
10:48:41,5238
10:48:42,5220
10:48:43,5177
10:48:44,5275
10:48:45,5257
10:48:46,5178
10:48:47,5291
10:48:48,5057
10:48:49,5193
10:48:50,5091
10:48:51,5237
10:48:52,5177
10:48:53,5242
10:48:54,5377
10:48:55,5325
10:48:56,5374
10:48:57,5138
10:48:58,5002
10:48:59,5098
10:49:00,5210
10:49:01,5264
10:49:02,5278
10:49:03,5331
10:49:04,5337
10:49:05,5350
10:49:06,5416
10:49:07,5460
10:49:08,5466
10:49:09,5141
10:49:10,5176
10:49:11,5038
10:49:12,5221
10:49:13,5102
10:49:14,5247
10:49:15,5301
10:49:16,5231
10:49:17,5327
10:49:18,5268
10:49:19,5291
10:49:20,5347
10:49:21,5230
10:49:22,5209
10:49:23,5353
10:49:24,5322
10:49:25,5209
10:49:26,5276
10:49:27,5119
10:49:28,5096
10:49:29,5183
10:49:30,5388
10:49:31,5384
10:49:32,5330
10:49:33,5270
10:49:34,5293
10:49:35,5273
10:49:36,5280
10:49:37,5301
10:49:38,5461
10:49:39,5375
10:49:40,5296
10:49:41,5254
10:49:42,5278
10:49:43,5195
10:49:44,5286
10:49:45,5439
10:49:46,5366
10:49:47,5333
10:49:48,5267
10:49:49,5338
10:49:50,5279
10:49:51,5083
10:49:52,5195
10:49:53,5162
10:49:54,4989
10:49:55,5006
10:49:56,5023
10:49:57,5191
10:49:58,5117
10:49:59,5402
10:50:00,5172
10:50:01,5278
10:50:02,5215
10:50:03,5060
10:50:04,5281
10:50:05,5296
10:50:06,5362
10:50:07,5444
10:50:08,5286
10:50:09,5408
10:50:10,5294
10:50:11,5375
10:50:12,5447
10:50:13,5249
10:50:14,5293
10:50:15,5318
10:50:16,5259
10:50:17,5436
10:50:18,5530
10:50:19,5500
10:50:20,5468
10:50:21,5450
10:50:22,5527
10:50:23,5631
10:50:24,5462
10:50:25,5429
10:50:26,5285
10:50:27,5241
10:50:28,5257
10:50:29,5244
10:50:30,5249
10:50:31,5232
10:50:32,5207
10:50:33,5292
10:50:34,5262
10:50:35,5306
10:50:36,5362
10:50:37,5431
10:50:38,5400
10:50:39,5428
10:50:40,5259
10:50:41,5273
10:50:42,5308
10:50:43,5507
10:50:44,5377
10:50:45,5254
10:50:46,5534
10:50:47,5450
10:50:48,5508
10:50:49,5341
10:50:50,5280
10:50:51,5214
10:50:52,5193
10:50:53,5256
10:50:54,5369
10:50:55,5362
10:50:56,5321
10:50:57,5479
10:50:58,5394
10:50:59,5153
10:51:00,5111
10:51:01,5133
10:51:02,5187
10:51:03,5127
10:51:04,5077
10:51:05,5178
10:51:06,4930
10:51:07,5030
10:51:08,4886
10:51:09,4900
10:51:10,5012
10:51:11,5095
10:51:12,5043
10:51:13,4923
10:51:14,4931
10:51:15,4875
10:51:16,4832
10:51:17,4890
10:51:18,4818
10:51:19,4838
10:51:20,4798
10:51:21,4805
10:51:22,4777
10:51:23,4921
10:51:24,4892
10:51:25,4855
10:51:26,4769
10:51:27,4736
10:51:28,4697
10:51:29,4779
10:51:30,4516
10:51:31,4656
10:51:32,4748
10:51:33,4557
10:51:34,4633
10:51:35,4639
10:51:36,4715
10:51:37,4753
10:51:38,4774
10:51:39,4779
10:51:40,4850
10:51:41,4750
10:51:42,4809
10:51:43,4750
10:51:44,4684
10:51:45,4626
10:51:46,4669
10:51:47,4726
10:51:48,4782
10:51:49,4713
10:51:50,4768
10:51:51,4777
10:51:52,4956
10:51:53,4922
10:51:54,4838
10:51:55,4711
10:51:56,4728
10:51:57,4819
10:51:58,4697
10:51:59,4707
10:52:00,4696
10:52:01,4702
10:52:02,4471
10:52:03,4435
10:52:04,4496
10:52:05,4591
10:52:06,4629
10:52:07,4526
10:52:08,4628
10:52:09,4681
10:52:10,4514
10:52:11,4451
10:52:12,4481
10:52:13,4541
10:52:14,4671
10:52:15,4627
10:52:16,4724
10:52:17,4617
10:52:18,4651
10:52:19,4643
10:52:20,4672
10:52:21,4766
10:52:22,4748
10:52:23,4852
10:52:24,4782
10:52:25,4670
10:52:26,4807
10:52:27,4615
10:52:28,4654
10:52:29,4608
10:52:30,4521
10:52:31,4548
10:52:32,4654
10:52:33,4766
10:52:34,4707
10:52:35,4729
10:52:36,4838
10:52:37,4809
10:52:38,4779
10:52:39,4647
10:52:40,4739
10:52:41,4658
10:52:42,6296
10:52:43,6595
10:52:44,7770
10:52:45,10518
10:52:46,13208
10:52:47,11184
10:52:48,9076
10:52:49,7039
10:52:50,5818
10:52:51,5230
10:52:52,4947
10:52:53,4767
10:52:54,4640
10:52:55,4558
10:52:56,4330
10:52:57,4377
10:52:58,4411
10:52:59,4318
10:53:00,4393
10:53:01,4352
10:53:02,4477
10:53:03,4333
10:53:04,4368
10:53:05,4497
10:53:06,4306
10:53:07,4234
10:53:08,4137
10:53:09,4263
10:53:10,4247
10:53:11,4341
10:53:12,4375
10:53:13,4337
10:53:14,4366
10:53:15,4399
10:53:16,4404
10:53:17,4230
10:53:18,4193
10:53:19,4244
10:53:20,4118
10:53:21,4241
10:53:22,4165
10:53:23,4131
10:53:24,4197
10:53:25,4297
10:53:26,4215
10:53:27,4133
10:53:28,4312
10:53:29,4137
10:53:30,4269
10:53:31,4204
10:53:32,4281
10:53:33,4309
10:53:34,4187
10:53:35,4173
10:53:36,4312
10:53:37,4468
10:53:38,4415
10:53:39,4375
10:53:40,4414
10:53:41,4459
10:53:42,4451
10:53:43,4397
10:53:44,4324
10:53:45,4325
10:53:46,4395
10:53:47,4315
10:53:48,4387
10:53:49,4409
10:53:50,4475
10:53:51,4374
10:53:52,4489
10:53:53,4445
10:53:54,4480
10:53:55,4412
10:53:56,4325
10:53:57,4322
10:53:58,4209
10:53:59,4321
10:54:00,4360
10:54:01,4329
10:54:02,4339
10:54:03,4368
10:54:04,4415
10:54:05,4288
10:54:06,4340
10:54:07,4596
10:54:08,4600
10:54:09,4731
10:54:10,5263
10:54:11,5228
10:54:12,5169
10:54:13,5226
10:54:14,5370
10:54:15,5018
10:54:16,5133
10:54:17,4940
10:54:18,4901
10:54:19,5110
10:54:20,4952
10:54:21,4728
10:54:22,4794
10:54:23,4743
10:54:24,4774
10:54:25,4815
10:54:26,4920
10:54:27,4680
10:54:28,4767
10:54:29,4692
10:54:30,4678
10:54:31,4584
10:54:32,4573
10:54:33,4520
10:54:34,4529
10:54:35,4508
10:54:36,4400
10:54:37,4226
10:54:38,4135
10:54:39,4247
10:54:40,4414
10:54:41,4861
10:54:42,4940
10:54:43,4734
10:54:44,4228
10:54:45,4069
10:54:46,4010
10:54:47,4047
10:54:48,3981
10:54:49,3950
10:54:50,4010
10:54:51,4033
10:54:52,3989
10:54:53,4042
10:54:54,4071
10:54:55,3982
10:54:56,4183
10:54:57,4185
10:54:58,4154
10:54:59,4261
10:55:00,4258
10:55:01,4025
10:55:02,3999
10:55:03,4117
10:55:04,4099
10:55:05,4054
10:55:06,4068
10:55:07,4158
10:55:08,4179
10:55:09,4134
10:55:10,4376
10:55:11,4493
10:55:12,4412
10:55:13,4350
10:55:14,4340
10:55:15,4216
10:55:16,4161
10:55:17,4227
10:55:18,4215
10:55:19,4246
10:55:20,4275
10:55:21,4236
10:55:22,4341
10:55:23,4397
10:55:24,4481
10:55:25,5001
10:55:26,5082
10:55:27,5137
10:55:28,4762
10:55:29,4736
10:55:30,4645
10:55:31,4708
10:55:32,4676
10:55:33,4716
10:55:34,4654
10:55:35,4589
10:55:36,4609
10:55:37,4424
10:55:38,4339
10:55:39,4372
10:55:40,4095
10:55:41,3999
10:55:42,3914
10:55:43,3969
10:55:44,4042
10:55:45,4125
10:55:46,4431
10:55:47,4268
10:55:48,4099
10:55:49,4420
10:55:50,4406
10:55:51,4365
10:55:52,4329
10:55:53,4146
10:55:54,4315
10:55:55,4510
10:55:56,4272
10:55:57,4097
10:55:58,4012
10:55:59,3877
10:56:00,4139
10:56:01,4034
10:56:02,4213
10:56:03,4245
10:56:04,4279
10:56:05,4358
10:56:06,4299
10:56:07,4304
10:56:08,4186
10:56:09,4224
10:56:10,4282
10:56:11,4210
10:56:12,4400
10:56:13,4440
10:56:14,4358
10:56:15,4428
10:56:16,4315
10:56:17,4272
10:56:18,4198
10:56:19,3955
10:56:20,3801
10:56:21,4028
10:56:22,4355
10:56:23,4445
10:56:24,4342
10:56:25,4248
10:56:26,4445
10:56:27,4338
10:56:28,4129
10:56:29,4047
10:56:30,4042
10:56:31,4139
10:56:32,4067
10:56:33,4041
10:56:34,4070
10:56:35,3952
10:56:36,3959
10:56:37,3831
10:56:38,3845
10:56:39,3645
10:56:40,3706
10:56:41,3826
10:56:42,3906
10:56:43,3710
10:56:44,3708
10:56:45,3750
10:56:46,3812
10:56:47,3651
10:56:48,3773
10:56:49,3943
10:56:50,3786
10:56:51,3853
10:56:52,3854
10:56:53,3652
10:56:54,3698
10:56:55,3710
10:56:56,3808
10:56:57,3727
10:56:58,3767
10:56:59,3786
10:57:00,3702
10:57:01,3616
10:57:02,3752
10:57:03,3824
10:57:04,3721
10:57:05,3809
10:57:06,3794
10:57:07,3778
10:57:08,3657
10:57:09,3702
10:57:10,3679
10:57:11,3662
10:57:12,3638
10:57:13,3558
10:57:14,3539
10:57:15,3505
10:57:16,3586
10:57:17,3687
10:57:18,3595
10:57:19,3668
10:57:20,3750
10:57:21,3693
10:57:22,3732
10:57:23,3640
10:57:24,3783
10:57:25,3688
10:57:26,3512
10:57:27,3666
10:57:28,3628
10:57:29,3664
10:57:30,3736
10:57:31,3752
10:57:32,3621
10:57:33,3736
10:57:34,3783
10:57:35,3682
10:57:36,3716
10:57:37,3568
10:57:38,3442
10:57:39,3503
10:57:40,3556
10:57:41,3594
10:57:42,3500
10:57:43,3604
10:57:44,3544
10:57:45,3466
10:57:46,3376
10:57:47,3382
10:57:48,3445
10:57:49,3372
10:57:50,3323
10:57:51,3438
10:57:52,3538
10:57:53,3590
10:57:54,3652
10:57:55,3475
10:57:56,3510
10:57:57,3658
10:57:58,3654
10:57:59,3540
10:58:00,3553
10:58:01,3568
10:58:02,3626
10:58:03,3635
10:58:04,3632
10:58:05,3665
10:58:06,3499
10:58:07,3547
10:58:08,3517
10:58:09,3567
10:58:10,3494
10:58:11,3530
10:58:12,3467
10:58:13,3482
10:58:14,3376
10:58:15,3443
10:58:16,3508
10:58:17,3441
10:58:18,3377
10:58:19,3363
10:58:20,3507
10:58:21,3458
10:58:22,3448
10:58:23,3377
10:58:24,16777200
10:58:25,16777200
10:58:26,16777200
10:58:27,16777200
10:58:28,16777200
10:58:29,16777200
10:58:30,16777200
10:58:31,0
10:58:32,0
10:58:33,0
10:58:34,4
10:58:35,168
10:58:36,655
10:58:37,1185
10:58:38,1473
10:58:39,1710
10:58:40,1978
10:58:41,2336
10:58:42,2440
10:58:43,2597
10:58:44,2725
10:58:45,2888
10:58:46,2966
10:58:47,3289
10:58:48,3304
10:58:49,3551
10:58:50,3539
10:58:51,3640
10:58:52,3700
10:58:53,3609
10:58:54,3612
10:58:55,3719
10:58:56,3662
10:58:57,3738
10:58:58,3654
10:58:59,3640
10:59:00,3769
10:59:01,3648
10:59:02,3722
10:59:03,3683
10:59:04,3690
10:59:05,3686
10:59:06,3575
10:59:07,3631
10:59:08,3811
10:59:09,3847
10:59:10,3870
10:59:11,3975
10:59:12,3941
10:59:13,3911
10:59:14,3811
10:59:15,3916
10:59:16,3890
10:59:17,3931
10:59:18,4016
10:59:19,3909
10:59:20,3932
10:59:21,4080
10:59:22,4002
10:59:23,3868
10:59:24,4010
10:59:25,3819
10:59:26,3959
10:59:27,3905
10:59:28,3957
10:59:29,4021
10:59:30,4042
10:59:31,3975
10:59:32,3938
10:59:33,3835
10:59:34,3828
10:59:35,3806
10:59:36,3866
10:59:37,3727
10:59:38,3797
10:59:39,3916
10:59:40,3668
10:59:41,3687
10:59:42,3710
10:59:43,3743
10:59:44,3713
10:59:45,3743
10:59:46,3769
10:59:47,3670
10:59:48,3874
10:59:49,3803
10:59:50,3884
10:59:51,3945
10:59:52,3889
10:59:53,3867
10:59:54,3774
10:59:55,3831
10:59:56,3821
10:59:57,3699
10:59:58,3700
10:59:59,3755
11:00:00,3702
11:00:01,3687
11:00:02,3636
11:00:03,3635
11:00:04,3634
11:00:05,3715
11:00:06,3696
11:00:07,3772
11:00:08,3614
11:00:09,3645
11:00:10,3598
11:00:11,3648
11:00:12,3717
11:00:13,3494
11:00:14,3484
11:00:15,3466
11:00:16,3690
11:00:17,3500
11:00:18,3503
11:00:19,3599
11:00:20,3588
11:00:21,3461
11:00:22,3435
11:00:23,3452
11:00:24,3539
11:00:25,3474
11:00:26,3612
11:00:27,3648
11:00:28,3623
11:00:29,3732
11:00:30,3726
11:00:31,3662
11:00:32,3617
11:00:33,3741
11:00:34,3589
11:00:35,3820
11:00:36,3636
11:00:37,3607
11:00:38,3673
11:00:39,3625
11:00:40,3749
11:00:41,3575
11:00:42,3672
11:00:43,3728
11:00:44,3772
11:00:45,3574
11:00:46,3822
11:00:47,3796
11:00:48,3766
11:00:49,3872
11:00:50,3761
11:00:51,3623
11:00:52,3683
11:00:53,3575
11:00:54,3564
11:00:55,3693
11:00:56,3581
11:00:57,3714
11:00:58,3679
11:00:59,3567
11:01:00,3610
11:01:01,3681
11:01:02,3698
11:01:03,3692
11:01:04,3581
11:01:05,3547
11:01:06,3727
11:01:07,3686
11:01:08,3624
11:01:09,3690
11:01:10,3751
11:01:11,3891
11:01:12,3859
11:01:13,3732
11:01:14,3745
11:01:15,3723
11:01:16,3870
11:01:17,4008
11:01:18,3978
11:01:19,4078
11:01:20,4372
11:01:21,4344
11:01:22,4217
11:01:23,4143
11:01:24,4346
11:01:25,4498
11:01:26,4953
11:01:27,5110
11:01:28,4998
11:01:29,4660
11:01:30,4263
11:01:31,3982
11:01:32,3962
11:01:33,3985
11:01:34,3937
11:01:35,4083
11:01:36,3902
11:01:37,3842
11:01:38,3898
11:01:39,3946
11:01:40,3817
11:01:41,3846
11:01:42,3804
11:01:43,3713
11:01:44,3723
11:01:45,3786
11:01:46,3609
11:01:47,3598
11:01:48,3525
11:01:49,3618
11:01:50,3831
11:01:51,4018
11:01:52,3982
11:01:53,3845
11:01:54,3652
11:01:55,3794
11:01:56,4382
11:01:57,4277
11:01:58,3960
11:01:59,3885
11:02:00,3926
11:02:01,4508
11:02:02,4733
11:02:03,4788
11:02:04,4774
11:02:05,4762
11:02:06,4582
11:02:07,4715
11:02:08,4661
11:02:09,4608
11:02:10,4674
11:02:11,4853
11:02:12,4711
11:02:13,4796
11:02:14,4983
11:02:15,4803
11:02:16,4631
11:02:17,4700
11:02:18,4692
11:02:19,4633
11:02:20,4659
11:02:21,4737
11:02:22,4742
11:02:23,4626
11:02:24,4661
11:02:25,4671
11:02:26,4722
11:02:27,4716
11:02:28,4687
11:02:29,4618
11:02:30,4583
11:02:31,4726
11:02:32,4706
11:02:33,4642
11:02:34,4657
11:02:35,4434
11:02:36,3908
11:02:37,3633
11:02:38,3682
11:02:39,3731
11:02:40,3630
11:02:41,3795
11:02:42,3710
11:02:43,3825
11:02:44,3817
11:02:45,3754
11:02:46,3681
11:02:47,3929
11:02:48,3943
11:02:49,3814
11:02:50,3889
11:02:51,3819
11:02:52,3759
11:02:53,3735
11:02:54,3789
11:02:55,3977
11:02:56,4035
11:02:57,4001
11:02:58,4128
11:02:59,4297
11:03:00,4277
11:03:01,4393
11:03:02,4221
11:03:03,4128
11:03:04,4039
11:03:05,4104
11:03:06,4048
11:03:07,4149
11:03:08,4176
11:03:09,4075
11:03:10,4036
11:03:11,4126
11:03:12,4072
11:03:13,3948
11:03:14,5043
11:03:15,6243
11:03:16,4291
11:03:17,4056
11:03:18,4069
11:03:19,4504
11:03:20,4378
11:03:21,4496
11:03:22,4994
11:03:23,4622
11:03:24,4628
11:03:25,4838
11:03:26,4639
11:03:27,4457
11:03:28,5072
11:03:29,5939
11:03:30,5888
11:03:31,5882
11:03:32,4833
11:03:33,4515
11:03:34,4600
11:03:35,4486
11:03:36,4383
11:03:37,4515
11:03:38,4254
11:03:39,4147
11:03:40,3922
11:03:41,3702
11:03:42,3548
11:03:43,3993
11:03:44,4536
11:03:45,4142
11:03:46,3927
11:03:47,3699
11:03:48,3441
11:03:49,3405
11:03:50,3182
11:03:51,3282
11:03:52,3141
11:03:53,3185
11:03:54,3101
11:03:55,3118
11:03:56,3334
11:03:57,3575
11:03:58,3282
11:03:59,3244
11:04:00,3211
11:04:01,3351
11:04:02,3217
11:04:03,3334
11:04:04,3258
11:04:05,3221
11:04:06,3115
11:04:07,3221
11:04:08,3289
11:04:09,3216
11:04:10,3354
11:04:11,3384
11:04:12,3579
11:04:13,3525
11:04:14,3336
11:04:15,3417
11:04:16,4636
11:04:17,4177
11:04:18,3812
11:04:19,3759
11:04:20,3814
11:04:21,3951
11:04:22,4023
11:04:23,3956
11:04:24,3998
11:04:25,4048
11:04:26,4130
11:04:27,4048
11:04:28,4016
11:04:29,3944
11:04:30,3754
11:04:31,3596
11:04:32,16777200
11:04:33,16777200
11:04:34,16777200
11:04:35,16777200
11:04:36,16777200
11:04:37,16777200
11:04:38,16777200
11:04:39,16777200
11:04:40,16777200
11:04:41,16777200
11:05:14,2899
11:05:15,2801
11:05:16,2878
11:05:17,2918
11:05:18,3023
11:05:19,2892
11:05:20,2928
11:05:21,3006
11:05:22,3056
11:05:23,3032
11:05:24,3169
11:05:25,3252
11:05:26,3212
11:05:27,3143
11:05:28,3020
11:05:29,3121
11:05:30,3010
11:05:31,3008
11:05:32,3100
11:05:33,3123
11:05:34,3141
11:05:35,3269
11:05:36,3247
11:05:37,3163
11:05:38,3224
11:05:39,3169
11:05:40,3129
11:05:41,3196
11:05:42,3237
11:05:43,3265
11:05:44,3376
11:05:45,3259
11:05:46,3250
11:05:47,3243
11:05:48,3187
11:05:49,3168
11:05:50,3236
11:05:51,3224
11:05:52,3282
11:05:53,3317
11:05:54,3219
11:05:55,3377
11:05:56,3293
11:05:57,3287
11:05:58,3300
11:05:59,3312
11:06:00,3374
11:06:01,3353
11:06:02,3297
11:06:03,3401
11:06:04,3539
11:06:05,3474
11:06:06,3746
11:06:07,3403
11:06:08,3491
11:06:09,3492
11:06:10,3365
11:06:11,3392
11:06:12,3272
11:06:13,3422
11:06:14,3334
11:06:15,3428
11:06:16,3440
11:06:17,3511
11:06:18,3380
11:06:19,3499
11:06:20,3518
11:06:21,3508
11:06:22,3507
11:06:23,3620
11:06:24,3513
11:06:25,3572
11:06:26,3396
11:06:27,3556
11:06:28,3503
11:06:29,3516
11:06:30,3852
11:06:31,3885
11:06:32,3884
11:06:33,3713
11:06:34,3568
11:06:35,3636
11:06:36,3771
11:06:37,3721
11:06:38,3930
11:06:39,3924
11:06:40,4025
11:06:41,3939
11:06:42,3877
11:06:43,3786
11:06:44,3770
11:06:45,3693
11:06:46,3854
11:06:47,3794
11:06:48,4146
11:06:49,3946
11:06:50,3911
11:06:51,3836
11:06:52,3912
11:06:53,3693
11:06:54,3730
11:06:55,4113
11:06:56,4078
11:06:57,4000
11:06:58,4079
11:06:59,3946
11:07:00,3913
11:07:01,3904
11:07:02,3819
11:07:03,3651
11:07:04,3483
11:07:05,3361
11:07:06,9551
11:07:07,16632
11:07:08,11642
11:07:09,6320
11:07:10,7943
11:07:11,7417
11:07:12,6245
11:07:13,6192
11:07:14,6814
11:07:15,8214
11:07:16,7374
11:07:17,6919
11:07:18,8404
11:07:19,7072
11:07:20,5485
11:07:21,4039
11:07:22,3923
11:07:23,4102
11:07:24,4226
11:07:25,4578
11:07:26,3837
11:07:27,3453
11:07:28,3430
11:07:29,3450
11:07:30,3326
11:07:31,3395
11:07:32,3319
11:07:33,3586
11:07:34,3706
11:07:35,3546
11:07:36,3462
11:07:37,3351
11:07:38,3255
11:07:39,3556
11:07:40,4940
11:07:41,5279
11:07:42,3675
11:07:43,3390
11:07:44,3384
11:07:45,3379
11:07:46,3374
11:07:47,3318
11:07:48,3264
11:07:49,3355
11:07:50,3377
11:07:51,3322
11:07:52,3347
11:07:53,3294
11:07:54,3281
11:07:55,3392
11:07:56,3684
11:07:57,5000
11:07:58,4755
11:07:59,4583
11:08:00,3714
11:08:01,3407
11:08:02,3430
11:08:03,3489
11:08:04,3398
11:08:05,3436
11:08:06,3364
11:08:07,3374
11:08:08,3302
11:08:09,3346
11:08:10,3390
11:08:11,3458
11:08:12,3368
11:08:13,3494
11:08:14,3453
11:08:15,3417
11:08:16,3517
11:08:17,3655
11:08:18,3626
11:08:19,3455
11:08:20,3398
11:08:21,3427
11:08:22,3572
11:08:23,3504
11:08:24,3674
11:08:25,3768
11:08:26,3673
11:08:27,3825
11:08:28,3799
11:08:29,3836
11:08:30,3864
11:08:31,3843
11:08:32,3794
11:08:33,3824
11:08:34,3855
11:08:35,3786
11:08:36,3853
11:08:37,3718
11:08:38,3729
11:08:39,3704
11:08:40,3727
11:08:41,3751
11:08:42,3782
11:08:43,3828
11:08:44,3730
11:08:45,3702
11:08:46,3645
11:08:47,3703
11:08:48,3667
11:08:49,3692
11:08:50,3630
11:08:51,3624
11:08:52,3617
11:08:53,3665
11:08:54,3767
11:08:55,3667
11:08:56,3645
11:08:57,3909
11:08:58,3778
11:08:59,3727
11:09:00,3798
11:09:01,3718
11:09:02,3898
11:09:03,3789
11:09:04,3994
11:09:05,4143
11:09:06,3878
11:09:07,3956
11:09:08,4030
11:09:09,3890
11:09:10,3915
11:09:11,3890
11:09:12,3958
11:09:13,3978
11:09:14,4029
11:09:15,3969
11:09:16,4055
11:09:17,4088
11:09:18,4008
11:09:19,3875
11:09:20,3842
11:09:21,3804
11:09:22,3865
11:09:23,3916
11:09:24,3989
11:09:25,3814
11:09:26,3880
11:09:27,3943
11:09:28,3944
11:09:29,3873
11:09:30,3896
11:09:31,3978
11:09:32,3857
11:09:33,3664
11:09:34,3746
11:09:35,3609
11:09:36,3676
11:09:37,3781
11:09:38,3629
11:09:39,3833
11:09:40,3886
11:09:41,3770
11:09:42,3828
11:09:43,3718
11:09:44,3769
11:09:45,3777
11:09:46,3721
11:09:47,3805
11:09:48,3918
11:09:49,3825
11:09:50,3841
11:09:51,3748
11:09:52,3807
11:09:53,3872
11:09:54,3884
11:09:55,3850
11:09:56,3703
11:09:57,3766
11:09:58,3690
11:09:59,3765
11:10:00,3967
11:10:01,3963
11:10:02,3727
11:10:03,3791
11:10:04,3833
11:10:05,3820
11:10:06,3728
11:10:07,3790
11:10:08,3744
11:10:09,3681
11:10:10,3730
11:10:11,3706
11:10:12,3696
11:10:13,3748
11:10:14,3627
11:10:15,3656
11:10:16,3676
11:10:17,3612
11:10:18,3331
11:10:19,3603
11:10:20,3587
11:10:21,3769
11:10:22,3599
11:10:23,3767
11:10:24,3734
11:10:25,3645
11:10:26,3685
11:10:27,3662
11:10:28,3577
11:10:29,3646
11:10:30,3610
11:10:31,3702
11:10:32,3537
11:10:33,3569
11:10:34,3536
11:10:35,3623
11:10:36,3600
11:10:37,3835
11:10:38,4604
11:10:39,4181
11:10:40,4005
11:10:41,3851
11:10:42,3973
11:10:43,3979
11:10:44,3920
11:10:45,3859
11:10:46,3785
11:10:47,3716
11:10:48,3796
11:10:49,3721
11:10:50,3797
11:10:51,3822
11:10:52,3832
11:10:53,3738
11:10:54,3772
11:10:55,3807
11:10:56,3719
11:10:57,3696
11:10:58,3763
11:10:59,3935
11:11:00,3968
11:11:01,4583
11:11:02,7361
11:11:03,17848
11:11:04,20696
11:11:05,16952
11:11:06,17373
11:11:07,17724
11:11:08,18302
11:11:09,14291
11:11:10,13862
11:11:11,14563
11:11:12,12426
11:11:13,14867
11:11:14,13371
11:11:15,11249
11:11:16,10421
11:11:17,10284
11:11:18,11997
11:11:19,14069
11:11:20,14939
11:11:21,19475
11:11:22,21709
11:11:23,21232
11:11:24,18843
11:11:25,9624
11:11:26,7506
11:11:27,6410
11:11:28,5245
11:11:29,4660
11:11:30,5223
11:11:31,6487
11:11:32,5435
11:11:33,4852
11:11:34,4647
11:11:35,4799
11:11:36,4533
11:11:37,4565
11:11:38,4766
11:11:39,10990
11:11:40,15540
11:11:41,14954
11:11:42,18114
11:11:43,16511
11:11:44,6437
11:11:45,5850
11:11:46,7510
11:11:47,7875
11:11:48,8396
11:11:49,7934
11:11:50,11006
11:11:51,10169
11:11:52,7999
11:11:53,5703
11:11:54,6218
11:11:55,6769
11:11:56,6977
11:11:57,6726
11:11:58,6249
11:11:59,7524
11:12:00,9971
11:12:01,10389
11:12:02,12181
11:12:03,12554
11:12:04,10325
11:12:05,12034
11:12:06,12745
11:12:07,11108
11:12:08,9637
11:12:09,10219
11:12:10,9797
11:12:11,8047
11:12:12,8429
11:12:13,9778
11:12:14,9489
11:12:15,8375
11:12:16,6992
11:12:17,12213
11:12:18,19217
11:12:19,8319
11:12:20,10373
11:12:21,23334
11:12:22,12447
11:12:23,12260
11:12:24,11595
11:12:25,7134
11:12:26,6595
11:12:27,5905
11:12:28,5653
11:12:29,5551
11:12:30,5265
11:12:31,5023
11:12:32,4676
11:12:33,5050
11:12:34,5414
11:12:35,5447
11:12:36,5615
11:12:37,5698
11:12:38,6046
11:12:39,5927
11:12:40,5776
11:12:41,5499
11:12:42,6339
11:12:43,6139
11:12:44,6882
11:12:45,6634
11:12:46,6904
11:12:47,7453
11:12:48,8199
11:12:49,9820
11:12:50,8134
11:12:51,8017
11:12:52,8389
11:12:53,8057
11:12:54,8706
11:12:55,8403
11:12:56,8671
11:12:57,8793
11:12:58,10517
11:12:59,10685
11:13:00,12012
11:13:01,13450
11:13:02,12114
11:13:03,7017
11:13:04,8777
11:13:05,11971
11:13:06,11899
11:13:07,12006
11:13:08,12198
11:13:09,11779
11:13:10,12159
11:13:11,14373
11:13:12,12933
11:13:13,12532
11:13:14,11737
11:13:15,11275
11:13:16,13218
11:13:17,13747
11:13:18,13532
11:13:19,13685
11:13:20,13671
11:13:21,13534
11:13:22,13206
11:13:23,12971
11:13:24,13190
11:13:25,12447
11:13:26,12397
11:13:27,13592
11:13:28,12164
11:13:29,10646
11:13:30,11361
11:13:31,12689
11:13:32,13369
11:13:33,14134
11:13:34,13430
11:13:35,14296
11:13:36,13741
11:13:37,14869
11:13:38,14140
11:13:39,10676
11:13:40,11279
11:13:41,12177
11:13:42,11591
11:13:43,10954
11:13:44,11497
11:13:45,11837
11:13:46,12145
11:13:47,11436
11:13:48,11992
11:13:49,13056
11:13:50,13929
11:13:51,13587
11:13:52,13974
11:13:53,14076
11:13:54,12958
11:13:55,11875
11:13:56,12434
11:13:57,13034
11:13:58,12549
11:13:59,11997
11:14:00,11537
11:14:01,12814
11:14:02,10967
11:14:03,9800
11:14:04,9360
11:14:05,9504
11:14:06,11314
11:14:07,11557
11:14:08,10838
11:14:09,9834
11:14:10,9486
11:14:11,9506
11:14:12,9911
11:14:13,9397
11:14:14,9055
11:14:15,9177
11:14:16,9021
11:14:17,9841
11:14:18,9545
11:14:19,8505
11:14:20,11717
11:14:21,11081
11:14:22,10800
11:14:23,11933
11:14:24,12254
11:14:25,11326
11:14:26,12934
11:14:27,13081
11:14:28,13690
11:14:29,14181
11:14:30,16964
11:14:31,16368
11:14:32,15638
11:14:33,17426
11:14:34,14190
11:14:35,12581
11:14:36,12049
11:14:37,11612
11:14:38,10997
11:14:39,10655
11:14:40,11249
11:14:41,11628
11:14:42,12405
11:14:43,17488
11:14:44,14787
11:14:45,11686
11:14:46,12529
11:14:47,10883
11:14:48,10705
11:14:49,10357
11:14:50,11943
11:14:51,20998
11:14:52,18192
11:14:53,17777
11:14:54,17194
11:14:55,17194
11:14:56,16726
11:14:57,16811
11:14:58,14976
11:14:59,13452
11:15:00,10429
11:15:01,14984
11:15:02,18804
11:15:03,18148
11:15:04,18757
11:15:05,18902
11:15:06,14805
11:15:07,12894
11:15:08,15685
11:15:09,18468
11:15:10,17303
11:15:11,13339
11:15:12,12346
11:15:13,14755
11:15:14,19210
11:15:15,18121
11:15:16,19175
11:15:17,21861
11:15:18,21473
11:15:19,19952
11:15:20,20178
11:15:21,19431
11:15:22,18830
11:15:23,18090
11:15:24,16637
11:15:25,14868
11:15:26,17749
11:15:27,17028
11:15:28,14508
11:15:29,14952
11:15:30,17412
11:15:31,21117
11:15:32,19746
11:15:33,17856
11:15:34,17561
11:15:35,16563
11:15:36,17559
11:15:37,16290
11:15:38,14271
11:15:39,13662
11:15:40,14550
11:15:41,13534
11:15:42,14271
11:15:43,14329
11:15:44,13884
11:15:45,11348
11:15:46,11460
11:15:47,11720
11:15:48,12532
11:15:49,13772
11:15:50,13724
11:15:51,13935
11:15:52,15201
11:15:53,15851
11:15:54,13385
11:15:55,13957
11:15:56,14188
11:15:57,15379
11:15:58,17557
11:15:59,17621
11:16:00,15700
11:16:01,16920
11:16:02,16952
11:16:03,16364
11:16:04,17785
11:16:05,18359
11:16:06,17879
11:16:07,17081
11:16:08,18219
11:16:09,19349
11:16:10,17108
11:16:11,17574
11:16:12,17075
11:16:13,16818
11:16:14,15936
11:16:15,14084
11:16:16,13506
11:16:17,14024
11:16:18,12293
11:16:19,11774
11:16:20,9824
11:16:21,10542
11:16:22,10892
11:16:23,9815
11:16:24,10459
11:16:25,10693
11:16:26,11118
11:16:27,10532
11:16:28,10221
11:16:29,8210
11:16:30,8147
11:16:31,7185
11:16:32,6943
11:16:33,7712
11:16:34,9241
11:16:35,9570
11:16:36,9945
11:16:37,9034
11:16:38,8822
11:16:39,9046
11:16:40,9686
11:16:41,9527
11:16:42,8397
11:16:43,9100
11:16:44,9276
11:16:45,9422
11:16:46,10107
11:16:47,10186
11:16:48,10283
11:16:49,9424
11:16:50,7836
11:16:51,8037
11:16:52,8072
11:16:53,8630
11:16:54,8540
11:16:55,8670
11:16:56,8815
11:16:57,8489
11:16:58,8401
11:16:59,8633
11:17:00,8602
11:17:01,8644
11:17:02,8792
11:17:03,8740
11:17:04,8891
11:17:05,8715
11:17:06,8673
11:17:07,8822
11:17:08,8849
11:17:09,8625
11:17:10,8453
11:17:11,8532
11:17:12,8414
11:17:13,8320
11:17:14,8358
11:17:15,7985
11:17:16,7839
11:17:17,8056
11:17:18,7674
11:17:19,7669
11:17:20,7521
11:17:21,7383
11:17:22,7177
11:17:23,7246
11:17:24,7227
11:17:25,7060
11:17:26,7377
11:17:27,7341
11:17:28,7312
11:17:29,7294
11:17:30,7277
11:17:31,2404
11:17:32,5048
11:17:33,5902
11:17:34,7238
11:17:35,7687
11:17:36,7065
11:17:37,6977
11:17:38,6883
11:17:39,7093
11:17:40,7268
11:17:41,7589
11:17:42,7745
11:17:43,7535
11:17:44,7900
11:17:45,8833
11:17:46,9054
11:17:47,8919
11:17:48,9008
11:17:49,8805
11:17:50,10453
11:17:51,11403
11:17:52,10682
11:17:53,8808
11:17:54,8310
11:17:55,9435
11:17:56,30473
11:17:57,22685
11:17:58,21480
11:17:59,26046
11:18:00,26378
11:18:01,23493
11:18:02,22866
11:18:03,22116
11:18:04,23327
11:18:05,23123
11:18:06,22830
11:18:07,19934
11:18:08,15332
11:18:09,14790
11:18:10,17238
11:18:11,21168
11:18:12,22792
11:18:13,23917
11:18:14,21463
11:18:15,16172
11:18:16,13367
11:18:17,11287
11:18:18,12641
11:18:19,13053
11:18:20,12347
11:18:21,11525
11:18:22,10699
11:18:23,10323
11:18:24,9783
11:18:25,10307
11:18:26,10505
11:18:27,11103
11:18:28,10828
11:18:29,10824
11:18:30,12346
11:18:31,12600
11:18:32,12699
11:18:33,12110
11:18:34,10296
11:18:35,11909
11:18:36,11155
11:18:37,11009
11:18:38,10834
11:18:39,10934
11:18:40,10873
11:18:41,11331
11:18:42,11959
11:18:43,11869
11:18:44,11289
11:18:45,12250
11:18:46,13146
11:18:47,12774
11:18:48,12607
11:18:49,14090
11:18:50,12716
11:18:51,12282
11:18:52,11784
11:18:53,11244
11:18:54,11372
11:18:55,11756
11:18:56,12299
11:18:57,13444
11:18:58,13676
11:18:59,14406
11:19:00,15091
11:19:01,13749
11:19:02,13136
11:19:03,13532
11:19:04,13891
11:19:05,14261
11:19:06,14207
11:19:07,14113
11:19:08,14010
11:19:09,13759
11:19:10,13107
11:19:11,12938
11:19:12,13275
11:19:13,14812
11:19:14,16137
11:19:15,16055
11:19:16,15279
11:19:17,15261
11:19:18,16692
11:19:19,17857
11:19:20,18168
11:19:21,18533
11:19:22,18405
11:19:23,17605
11:19:24,17505
11:19:25,17337
11:19:26,17085
11:19:27,15702
11:19:28,13985
11:19:29,13057
11:19:30,12312
11:19:31,12299
11:19:32,13437
11:19:33,13879
11:19:34,13724
11:19:35,13408
11:19:36,12120
11:19:37,11941
11:19:38,10399
11:19:39,9833
11:19:40,10135
11:19:41,9034
11:19:42,8821
11:19:43,9412
11:19:44,9185
11:19:45,9050
11:19:46,10034
11:19:47,10345
11:19:48,10530
11:19:49,11092
11:19:50,11682
11:19:51,12618
11:19:52,18016
11:19:53,16880
11:19:54,14746
11:19:55,17229
11:19:56,14531
11:19:57,11142
11:19:58,10084
11:19:59,10244
11:20:00,10369
11:20:01,15418
11:20:02,23259
11:20:03,16363
11:20:04,12874
11:20:05,10282
11:20:06,9759
11:20:07,9849
11:20:08,10404
11:20:09,18329
11:20:10,30556
11:20:11,48353
11:20:12,47680
11:20:13,27857
11:20:14,20988
11:20:15,21816
11:20:16,21757
11:20:17,23884
11:20:18,32475
11:20:19,27036
11:20:20,43292
11:20:21,58172
11:20:22,29078
11:20:23,35102
11:20:24,39563
11:20:25,54955
11:20:26,82181
11:20:27,75681
11:20:28,78865
11:20:29,81427
11:20:30,83749
11:20:31,84940
11:20:32,70894
11:20:33,54235
11:20:34,52491
11:20:35,49335
11:20:36,45206
11:20:37,44531
11:20:38,47632
11:20:39,48230
11:20:40,35099
11:20:41,30764
11:20:42,35948
11:20:43,37994
11:20:44,40452
11:20:45,41544
11:20:46,41777
11:20:47,43486
11:20:48,43500
11:20:49,42954
11:20:50,41946
11:20:51,38620
11:20:52,38823
11:20:53,33259
11:20:54,29763
11:20:55,30658
11:20:56,30211
11:20:57,23053
11:20:58,17699
11:20:59,17037
11:21:00,14874
11:21:01,14036
11:21:02,15288
11:21:03,16760
11:21:04,14351
11:21:05,13770
11:21:06,16196
11:21:07,16660
11:21:08,13191
11:21:09,13283
11:21:10,13065
11:21:11,12497
11:21:12,12741
11:21:13,14995
11:21:14,15453
11:21:15,12911
11:21:16,12958
11:21:17,14752
11:21:18,12561
11:21:19,12430
11:21:20,11017
11:21:21,10391
11:21:22,10127
11:21:23,10082
11:21:24,9768
11:21:25,10729
11:21:26,11511
11:21:27,10830
11:21:28,10640
11:21:29,10173
11:21:30,9933
11:21:31,10013
11:21:32,9785
11:21:33,9536
11:21:34,9904
11:21:35,9891
11:21:36,10003
11:21:37,9911
11:21:38,10428
11:21:39,10678
11:21:40,10739
11:21:41,10188
11:21:42,9975
11:21:43,9789
11:21:44,9662
11:21:45,9534
11:21:46,9244
11:21:47,9390
11:21:48,9236
11:21:49,9355
11:21:50,9823
11:21:51,9610
11:21:52,9751
11:21:53,9244
11:21:54,9458
11:21:55,9264
11:21:56,9157
11:21:57,9020
11:21:58,8853
11:21:59,8807
11:22:00,8817
11:22:01,8870
11:22:02,8865
11:22:03,8616
11:22:04,8849
11:22:05,8967
11:22:06,8964
11:22:07,8981
11:22:08,8825
11:22:09,8833
11:22:10,8942
11:22:11,9051
11:22:12,9082
11:22:13,9271
11:22:14,9210
11:22:15,9263
11:22:16,9575
11:22:17,9534
11:22:18,9573
11:22:19,9663
11:22:20,9528
11:22:21,9354
11:22:22,9579
11:22:23,9637
11:22:24,10758
11:22:25,11351
11:22:26,12077
11:22:27,11646
11:22:28,12445
11:22:29,11755
11:22:30,10761
11:22:31,11288
11:22:32,11340
11:22:33,11210
11:22:34,11021
11:22:35,11180
11:22:36,11783
11:22:37,11023
11:22:38,10361
11:22:39,10109
11:22:40,11181
11:22:41,11093
11:22:42,10563
11:22:43,10594
11:22:44,10059
11:22:45,9840
11:22:46,9795
11:22:47,9564
11:22:48,9469
11:22:49,9883
11:22:50,9868
11:22:51,10121
11:22:52,9838
11:22:53,9711
11:22:54,10218
11:22:55,10048
11:22:56,9851
11:22:57,10412
11:22:58,9978
11:22:59,9588
11:23:00,9248
11:23:01,8930
11:23:02,8926
11:23:03,9221
11:23:04,8795
11:23:05,8837
11:23:06,8947
11:23:07,9208
11:23:08,9183
11:23:09,10125
11:23:10,9903
11:23:11,9842
11:23:12,10210
11:23:13,10773
11:23:14,9657
11:23:15,9219
11:23:16,8240
11:23:17,8271
11:23:18,8599
11:23:19,8759
11:23:20,8703
11:23:21,8757
11:23:22,8746
11:23:23,8170
11:23:24,8776
11:23:25,9312
11:23:26,9130
11:23:27,9005
11:23:28,9031
11:23:29,10285
11:23:30,13272
11:23:31,10944
11:23:32,9902
11:23:33,9450
11:23:34,8812
11:23:35,8602
11:23:36,8333
11:23:37,7887
11:23:38,8014
11:23:39,7847
11:23:40,7349
11:23:41,7408
11:23:42,7274
11:23:43,7003
11:23:44,7046
11:23:45,7137
11:23:46,7096
11:23:47,7316
11:23:48,7547
11:23:49,7397
11:23:50,7258
11:23:51,7213
11:23:52,7325
11:23:53,7780
11:23:54,8553
11:23:55,7274
11:23:56,6598
11:23:57,6727
11:23:58,6820
11:23:59,7324
11:24:00,10762
11:24:01,10019
11:24:02,8739
11:24:03,9012
11:24:04,13928
11:24:05,11816
11:24:06,11108
11:24:07,10036
11:24:08,9914
11:24:09,10365
11:24:10,9511
11:24:11,12936
11:24:12,20393
11:24:13,13826
11:24:14,9577
11:24:15,8638
11:24:16,9481
11:24:17,13487
11:24:18,16820
11:24:19,21170
11:24:20,19615
11:24:21,16076
11:24:22,11635
11:24:23,7337
11:24:24,6607
11:24:25,6328
11:24:26,6713
11:24:27,7765
11:24:28,8952
11:24:29,9281
11:24:30,9017
11:24:31,8645
11:24:32,8484
11:24:33,8142
11:24:34,8274
11:24:35,8226
11:24:36,8031
11:24:37,8055
11:24:38,7934
11:24:39,7701
11:24:40,7863
11:24:41,7210
11:24:42,6432
11:24:43,6156
11:24:44,6256
11:24:45,6328
11:24:46,6062
11:24:47,6104
11:24:48,6181
11:24:49,6508
11:24:50,6550
11:24:51,6959
11:24:52,7366
11:24:53,7481
11:24:54,7439
11:24:55,7297
11:24:56,7425
11:24:57,6992
11:24:58,7116
11:24:59,7008
11:25:00,7064
11:25:01,7097
11:25:02,6906
11:25:03,6833
11:25:04,6991
11:25:05,6848
11:25:06,6617
11:25:07,6393
11:25:08,6175
11:25:09,6124
11:25:10,6174
11:25:11,6124
11:25:12,6329
11:25:13,6184
11:25:14,6177
11:25:15,6186
11:25:16,6188
11:25:17,6076
11:25:18,6132
11:25:19,5951
11:25:20,6005
11:25:21,5882
11:25:22,5902
11:25:23,5812
11:25:24,5823
11:25:25,5834
11:25:26,5802
11:25:27,5721
11:25:28,5735
11:25:29,5578
11:25:30,5517
11:25:31,5448
11:25:32,5276
11:25:33,5395
11:25:34,5517
11:25:35,5411
11:25:36,5394
11:25:37,5498
11:25:38,5424
11:25:39,5351
11:25:40,5403
11:25:41,5661
11:25:42,5609
11:25:43,5653
11:25:44,5769
11:25:45,5624
11:25:46,5557
11:25:47,5400
11:25:48,5351
11:25:49,5527
11:25:50,5573
11:25:51,5345
11:25:52,5460
11:25:53,5359
11:25:54,5364
11:25:55,5220
11:25:56,5256
11:25:57,5135
11:25:58,5155
11:25:59,5509
11:26:00,5600
11:26:01,5495
11:26:02,5453
11:26:03,5543
11:26:04,5269
11:26:05,5297
11:26:06,5562
11:26:07,5719
11:26:08,5666
11:26:09,5599
11:26:10,5630
11:26:11,5909
11:26:12,5849
11:26:13,5754
11:26:14,5784
11:26:15,5784
11:26:16,5878
11:26:17,5770
11:26:18,5740
11:26:19,5770
11:26:20,5808
11:26:21,5686
11:26:22,6028
11:26:23,6083
11:26:24,6320
11:26:25,6551
11:26:26,6525
11:26:27,6393
11:26:28,6865
11:26:29,7183
11:26:30,7266
11:26:31,7288
11:26:32,7418
11:26:33,7639
11:26:34,7416
11:26:35,7547
11:26:36,7149
11:26:37,6743
11:26:38,6789
11:26:39,6825
11:26:40,6477
11:26:41,6132
11:26:42,6158
11:26:43,5647
11:26:44,5765
11:26:45,5770
11:26:46,5618
11:26:47,5555
11:26:48,5965
11:26:49,5823
11:26:50,6102
11:26:51,5990
11:26:52,6404
11:26:53,6466
11:26:54,5845
11:26:55,5435
11:26:56,5258
11:26:57,5350
11:26:58,5264
11:26:59,5044
11:27:00,5294
11:27:01,5343
11:27:02,5039
11:27:03,5534
11:27:04,5245
11:27:05,4829
11:27:06,5158
11:27:07,5178
11:27:08,4926
11:27:09,4924
11:27:10,5144
11:27:11,5299
11:27:12,5245
11:27:13,5314
11:27:14,5320
11:27:15,5231
11:27:16,5118
11:27:17,5421
11:27:18,5604
11:27:19,5751
11:27:20,5470
11:27:21,5698
11:27:22,5647
11:27:23,6019
11:27:24,6185
11:27:25,6361
11:27:26,7694
11:27:27,7699
11:27:28,7039
11:27:29,6689
11:27:30,7507
11:27:31,7709
11:27:32,7337
11:27:33,7080
11:27:34,6886
11:27:35,6974
11:27:36,7157
11:27:37,6898
11:27:38,7117
11:27:39,8214
11:27:40,7675
11:27:41,7029
11:27:42,8885
11:27:43,7807
11:27:44,7443
11:27:45,7227
11:27:46,6371
11:27:47,7492
11:27:48,11760
11:27:49,12686
11:27:50,12920
11:27:51,14962
11:27:52,16053
11:27:53,15447
11:27:54,16069
11:27:55,15589
11:27:56,15225
11:27:57,13552
11:27:58,12410
11:27:59,11754
11:28:00,10470
11:28:01,10855
11:28:02,11841
11:28:03,9289
11:28:04,8365
11:28:05,7874
11:28:06,7940
11:28:07,7535
11:28:08,7653
11:28:09,8319
11:28:10,8736
11:28:11,9033
11:28:12,8533
11:28:13,8814
11:28:14,9003
11:28:15,9804
11:28:16,8943
11:28:17,9577
11:28:18,9374
11:28:19,9753
11:28:20,9556
11:28:21,9108
11:28:22,8748
11:28:23,8315
11:28:24,10276
11:28:25,15811
11:28:26,19503
11:28:27,15332
11:28:28,13907
11:28:29,9815
11:28:30,9732
11:28:31,10806
11:28:32,12512
11:28:33,10195
11:28:34,9585
11:28:35,13097
11:28:36,9391
11:28:37,6688
11:28:38,6171
11:28:39,6028
11:28:40,13142
11:28:41,20626
11:28:42,23376
11:28:43,22234
11:28:44,18922
11:28:45,14629
11:28:46,14142
11:28:47,14215
11:28:48,13257
11:28:49,10918
11:28:50,10114
11:28:51,9184
11:28:52,8020
11:28:53,6906
11:28:54,5781
11:28:55,5030
11:28:56,5424
11:28:57,4985
11:28:58,5169
11:28:59,8117
11:29:00,6488
11:29:01,4973
11:29:02,4625
11:29:03,4659
11:29:04,4609
11:29:05,4675
11:29:06,4849
11:29:07,4928
11:29:08,4591
11:29:09,4833
11:29:10,4875
11:29:11,4872
11:29:12,4912
11:29:13,4824
11:29:14,4880
11:29:15,10965
11:29:16,22772
11:29:17,14150
11:29:18,6618
11:29:19,5187
11:29:20,4663
11:29:21,4604
11:29:22,4373
11:29:23,4339
11:29:24,4415
11:29:25,4224
11:29:26,4278
11:29:27,4139
11:29:28,4262
11:29:29,4777
11:29:30,5180
11:29:31,4550
11:29:32,4295
11:29:33,4356
11:29:34,4540
11:29:35,4592
11:29:36,4431
11:29:37,4423
11:29:38,4430
11:29:39,4510
11:29:40,4361
11:29:41,4499
11:29:42,4589
11:29:43,4496
11:29:44,4718
11:29:45,4933
11:29:46,5192
11:29:47,4743
11:29:48,4459
11:29:49,4442
11:29:50,4431
11:29:51,4481
11:29:52,4647
11:29:53,4597
11:29:54,4561
11:29:55,4383
11:29:56,4531
11:29:57,4445
11:29:58,4459
11:29:59,4437
11:30:00,4398
11:30:01,4619
11:30:02,4642
11:30:03,4568
11:30:04,4605
11:30:05,4996
11:30:06,5357
11:30:07,5784
11:30:08,6581
11:30:09,6389
11:30:10,6581
11:30:11,6483
11:30:12,6528
11:30:13,6997
11:30:14,6942
11:30:15,6136
11:30:16,6147
11:30:17,6108
11:30:18,6632
11:30:19,6905
11:30:20,6939
11:30:21,7380
11:30:22,8007
11:30:23,8284
11:30:24,8269
11:30:25,8714
11:30:26,8617
11:30:27,8725
11:30:28,9189
11:30:29,9324
11:30:30,9376
11:30:31,9307
11:30:32,9020
11:30:33,8763
11:30:34,9348
11:30:35,9568
11:30:36,9506
11:30:37,9733
11:30:38,10213
11:30:39,10628
11:30:40,11019
11:30:41,11572
11:30:42,11469
11:30:43,11910
11:30:44,11926
11:30:45,11766
11:30:46,12021
11:30:47,13350
11:30:48,14039
11:30:49,14592
11:30:50,12597
11:30:51,11917
11:30:52,11636
11:30:53,11143
11:30:54,11664
11:30:55,12253
11:30:56,16777200
11:30:57,16777200
11:30:58,16777200
11:30:59,16777200
11:31:00,16777200
11:31:01,16777200
11:31:02,16777200
11:31:03,16777200
11:31:04,16777200
11:31:05,16777200
11:31:42,6619
11:31:43,6632
11:31:44,6920
11:31:45,7182
11:31:46,7128
11:31:47,7078
11:31:48,7212
11:31:49,7225
11:31:50,7423
11:31:51,7479
11:31:52,7597
11:31:53,7572
11:31:54,7737
11:31:55,7411
11:31:56,7361
11:31:57,7371
11:31:58,7190
11:31:59,6600
11:32:00,6881
11:32:01,6827
11:32:02,7004
11:32:03,8300
11:32:04,7665
11:32:05,7665
11:32:06,7280
11:32:07,6834
11:32:08,6921
11:32:09,7266
11:32:10,7670
11:32:11,7377
11:32:12,7277
11:32:13,6594
11:32:14,5610
11:32:15,5150
11:32:16,4931
11:32:17,5394
11:32:18,5301
11:32:19,5263
11:32:20,5214
11:32:21,5361
11:32:22,5189
11:32:23,5220
11:32:24,6814
11:32:25,7258
11:32:26,6917
11:32:27,5223
11:32:28,4390
11:32:29,4092
11:32:30,3856
11:32:31,3842
11:32:32,3774
11:32:33,3728
11:32:34,3746
11:32:35,3737
11:32:36,3819
11:32:37,3858
11:32:38,3861
11:32:39,3930
11:32:40,3872
11:32:41,3848
11:32:42,3937
11:32:43,3850
11:32:44,4867
11:32:45,17760
11:32:46,22200
11:32:47,32216
11:32:48,34873
11:32:49,15742
11:32:50,8667
11:32:51,6023
11:32:52,6083
11:32:53,6279
11:32:54,9875
11:32:55,15215
11:32:56,7944
11:32:57,7920
11:32:58,8282
11:32:59,7445
11:33:00,8125
11:33:01,7583
11:33:02,5784
11:33:03,4776
11:33:04,4260
11:33:05,5014
11:33:06,6996
11:33:07,16054
11:33:08,13420
11:33:09,13157
11:33:10,16953
11:33:11,14791
11:33:12,9392
11:33:13,10222
11:33:14,11262
11:33:15,6360
11:33:16,5455
11:33:17,4789
11:33:18,5373
11:33:19,7218
11:33:20,5692
11:33:21,5518
11:33:22,5680
11:33:23,5380
11:33:24,5410
11:33:25,5796
11:33:26,6542
11:33:27,9260
11:33:28,11358
11:33:29,8566
11:33:30,11169
11:33:31,10443
11:33:32,10965
11:33:33,9349
11:33:34,12673
11:33:35,14024
11:33:36,12578
11:33:37,5854
11:33:38,6160
11:33:39,4515
11:33:40,4390
11:33:41,4214
11:33:42,4338
11:33:43,4264
11:33:44,4395
11:33:45,4328
11:33:46,4155
11:33:47,4195
11:33:48,4224
11:33:49,4171
11:33:50,4184
11:33:51,4278
11:33:52,4288
11:33:53,4262
11:33:54,4370
11:33:55,4435
11:33:56,4991
11:33:57,5115
11:33:58,4716
11:33:59,4841
11:34:00,5676
11:34:01,5731
11:34:02,5196
11:34:03,5005
11:34:04,4719
11:34:05,4723
11:34:06,4774
11:34:07,4979
11:34:08,5268
11:34:09,5936
11:34:10,7727
11:34:11,8295
11:34:12,6905
11:34:13,6171
11:34:14,5864
11:34:15,5790
11:34:16,6059
11:34:17,6213
11:34:18,6562
11:34:19,6971
11:34:20,6608
11:34:21,5829
11:34:22,5656
11:34:23,5682
11:34:24,6123
11:34:25,5868
11:34:26,5950
11:34:27,5857
11:34:28,5750
11:34:29,5596
11:34:30,5467
11:34:31,6121
11:34:32,6372
11:34:33,6702
11:34:34,6193
11:34:35,7687
11:34:36,8113
11:34:37,8126
11:34:38,7499
11:34:39,8287
11:34:40,8944
11:34:41,9525
11:34:42,9937
11:34:43,8689
11:34:44,15451
11:34:45,12962
11:34:46,11016
11:34:47,12992
11:34:48,16314
11:34:49,17275
11:34:50,16607
11:34:51,15944
11:34:52,15071
11:34:53,15738
11:34:54,16795
11:34:55,16408
11:34:56,18142
11:34:57,18120
11:34:58,14824
11:34:59,15257
11:35:00,15944
11:35:01,15273
11:35:02,12703
11:35:03,12559
11:35:04,14135
11:35:05,15723
11:35:06,16116
11:35:07,15091
11:35:08,12571
11:35:09,11238
11:35:10,10998
11:35:11,9353
11:35:12,9388
11:35:13,9198
11:35:14,9009
11:35:15,8498
11:35:16,9092
11:35:17,6729
11:35:18,7349
11:35:19,8664
11:35:20,10407
11:35:21,10380
11:35:22,11920
11:35:23,12766
11:35:24,12276
11:35:25,11094
11:35:26,11907
11:35:27,13678
11:35:28,13912
11:35:29,13090
11:35:30,10603
11:35:31,11001
11:35:32,10104
11:35:33,8449
11:35:34,8158
11:35:35,8419
11:35:36,8618
11:35:37,9794
11:35:38,9518
11:35:39,8521
11:35:40,8292
11:35:41,7515
11:35:42,7077
11:35:43,7515
11:35:44,7699
11:35:45,8165
11:35:46,8236
11:35:47,10868
11:35:48,11202
11:35:49,13494
11:35:50,14069
11:35:51,14370
11:35:52,13226
11:35:53,11805
11:35:54,11213
11:35:55,10964
11:35:56,10992
11:35:57,11008
11:35:58,10676
11:35:59,10572
11:36:00,10102
11:36:01,9680
11:36:02,9669
11:36:03,9405
11:36:04,8483
11:36:05,8291
11:36:06,8714
11:36:07,8790
11:36:08,8911
11:36:09,8989
11:36:10,8420
11:36:11,6503
11:36:12,5918
11:36:13,5984
11:36:14,5487
11:36:15,5452
11:36:16,7339
11:36:17,9515
11:36:18,10412
11:36:19,11712
11:36:20,9123
11:36:21,8445
11:36:22,9916
11:36:23,10207
11:36:24,9941
11:36:25,10059
11:36:26,11824
11:36:27,12682
11:36:28,12545
11:36:29,12192
11:36:30,12021
11:36:31,11608
11:36:32,10642
11:36:33,10039
11:36:34,10992
11:36:35,10685
11:36:36,10910
11:36:37,12419
11:36:38,13318
11:36:39,12102
11:36:40,11928
11:36:41,12165
11:36:42,12209
11:36:43,11992
11:36:44,11930
11:36:45,11845
11:36:46,12068
11:36:47,11847
11:36:48,10173
11:36:49,9825
11:36:50,9969
11:36:51,9754
11:36:52,9955
11:36:53,10162
11:36:54,10379
11:36:55,10008
11:36:56,10533
11:36:57,10791
11:36:58,9894
11:36:59,9189
11:37:00,8836
11:37:01,9607
11:37:02,6329
11:37:03,5237
11:37:04,5145
11:37:05,9166
11:37:06,10819
11:37:07,11080
11:37:08,11855
11:37:09,11090
11:37:10,10146
11:37:11,10948
11:37:12,11541
11:37:13,10488
11:37:14,8758
11:37:15,8403
11:37:16,7847
11:37:17,7524
11:37:18,7324
11:37:19,7196
11:37:20,7686
11:37:21,8332
11:37:22,9082
11:37:23,9930
11:37:24,10129
11:37:25,11833
11:37:26,12049
11:37:27,11902
11:37:28,11524
11:37:29,9069
11:37:30,8707
11:37:31,8587
11:37:32,7836
11:37:33,7423
11:37:34,7535
11:37:35,7397
11:37:36,7253
11:37:37,7658
11:37:38,7605
11:37:39,7869
11:37:40,7864
11:37:41,8154
11:37:42,8717
11:37:43,8627
11:37:44,9343
11:37:45,9332
11:37:46,9230
11:37:47,8630
11:37:48,7935
11:37:49,8629
11:37:50,8343
11:37:51,7916
11:37:52,7763
11:37:53,7820
11:37:54,7563
11:37:55,7098
11:37:56,7510
11:37:57,8063
11:37:58,7942
11:37:59,8061
11:38:00,7941
11:38:01,7832
11:38:02,7581
11:38:03,7665
11:38:04,7533
11:38:05,6744
11:38:06,6522
11:38:07,6250
11:38:08,6219
11:38:09,6054
11:38:10,5935
11:38:11,5639
11:38:12,5474
11:38:13,5435
11:38:14,5548
11:38:15,5565
11:38:16,5619
11:38:17,6197
11:38:18,6357
11:38:19,6524
11:38:20,6004
11:38:21,5262
11:38:22,5225
11:38:23,16777200
11:38:24,16777200
11:38:25,16777200
11:38:26,16777200
11:38:27,16777200
11:38:28,16777200
11:38:29,16777200
11:38:30,16777200
11:38:31,16777200
11:38:32,16777200
11:39:04,62539
11:39:05,62447
11:39:06,64006
11:39:07,62304
11:39:08,61300
11:39:09,55446
11:39:10,46939
11:39:11,26391
11:39:12,20059
11:39:13,22032
11:39:14,23143
11:39:15,24282
11:39:16,18555
11:39:17,11247
11:39:18,8855
11:39:19,8780
11:39:20,7754
11:39:21,10367
11:39:22,9094
11:39:23,15951
11:39:24,17861
11:39:25,10399
11:39:26,11276
11:39:27,5797
11:39:28,4514
11:39:29,4426
11:39:30,9996
11:39:31,21542
11:39:32,22409
11:39:33,13705
11:39:34,7157
11:39:35,5225
11:39:36,4833
11:39:37,4697
11:39:38,4595
11:39:39,4691
11:39:40,4808
11:39:41,4733
11:39:42,5084
11:39:43,15899
11:39:44,15747
11:39:45,7252
11:39:46,5213
11:39:47,4996
11:39:48,4875
11:39:49,4920
11:39:50,4918
11:39:51,6643
11:39:52,7634
11:39:53,6814
11:39:54,9564
11:39:55,11150
11:39:56,12436
11:39:57,10118
11:39:58,9113
11:39:59,12467
11:40:00,15555
11:40:01,14077
11:40:02,9640
11:40:03,13115
11:40:04,16623
11:40:05,17232
11:40:06,13821
11:40:07,10532
11:40:08,9504
11:40:09,8323
11:40:10,7353
11:40:11,7799
11:40:12,8015
11:40:13,7551
11:40:14,7086
11:40:15,7269
11:40:16,7394
11:40:17,7594
11:40:18,8176
11:40:19,7664
11:40:20,6301
11:40:21,5459
11:40:22,4971
11:40:23,4651
11:40:24,4235
11:40:25,4361
11:40:26,4330
11:40:27,4556
11:40:28,7134
11:40:29,6410
11:40:30,5929
11:40:31,5417
11:40:32,7393
11:40:33,7715
11:40:34,5539
11:40:35,4999
11:40:36,5063
11:40:37,5125
11:40:38,4962
11:40:39,4773
11:40:40,4756
11:40:41,4661
11:40:42,4668
11:40:43,4619
11:40:44,4678
11:40:45,4642
11:40:46,4659
11:40:47,4485
11:40:48,4543
11:40:49,4481
11:40:50,4686
11:40:51,4602
11:40:52,4467
11:40:53,4634
11:40:54,4444
11:40:55,4650
11:40:56,4914
11:40:57,5345
11:40:58,5570
11:40:59,5116
11:41:00,4849
11:41:01,5287
11:41:02,7413
11:41:03,7918
11:41:04,6480
11:41:05,6300
11:41:06,6227
11:41:07,6146
11:41:08,5762
11:41:09,5415
11:41:10,5307
11:41:11,5655
11:41:12,6017
11:41:13,5821
11:41:14,16777200
11:41:15,16777200
11:41:16,16777200
11:41:17,16777200
11:41:18,16777200
11:41:19,16777200
11:41:20,16777200
11:41:21,16777200
11:41:22,16777200
11:41:23,16777200
11:42:16,4804
11:42:17,4990
11:42:18,4872
11:42:19,5099
11:42:20,5220
11:42:21,5215
11:42:22,5159
11:42:23,5242
11:42:24,5188
11:42:25,5108
11:42:26,5125
11:42:27,5168
11:42:28,5073
11:42:29,5067
11:42:30,5314
11:42:31,5384
11:42:32,5557
11:42:33,5521
11:42:34,5485
11:42:35,5295
11:42:36,5203
11:42:37,5200
11:42:38,5248
11:42:39,5408
11:42:40,5346
11:42:41,5459
11:42:42,5421
11:42:43,5507
11:42:44,5449
11:42:45,5320
11:42:46,5377
11:42:47,5539
11:42:48,5463
11:42:49,5531
11:42:50,5353
11:42:51,5408
11:42:52,5288
11:42:53,5463
11:42:54,5512
11:42:55,5338
11:42:56,5358
11:42:57,5322
11:42:58,5360
11:42:59,5384
11:43:00,5518
11:43:01,5517
11:43:02,5287
11:43:03,5287
11:43:04,5397
11:43:05,5411
11:43:06,5307
11:43:07,5430
11:43:08,5374
11:43:09,5438
11:43:10,5411
11:43:11,5338
11:43:12,5363
11:43:13,5193
11:43:14,5462
11:43:15,5422
11:43:16,5707
11:43:17,5487
11:43:18,5616
11:43:19,5707
11:43:20,5573
11:43:21,5593
11:43:22,5540
11:43:23,5553
11:43:24,5713
11:43:25,5564
11:43:26,5557
11:43:27,5703
11:43:28,5643
11:43:29,5658
11:43:30,5638
11:43:31,6114
11:43:32,6028
11:43:33,5835
11:43:34,5552
11:43:35,5730
11:43:36,5731
11:43:37,5630
11:43:38,5723
11:43:39,5657
11:43:40,5661
11:43:41,5762
11:43:42,5607
11:43:43,5705
11:43:44,5605
11:43:45,5495
11:43:46,5503
11:43:47,5673
11:43:48,5682
11:43:49,5847
11:43:50,5798
11:43:51,5701
11:43:52,5627
11:43:53,5660
11:43:54,5669
11:43:55,5686
11:43:56,5485
11:43:57,5620
11:43:58,5595
11:43:59,5886
11:44:00,5651
11:44:01,5542
11:44:02,5331
11:44:03,5307
11:44:04,5207
11:44:05,5279
11:44:06,5117
11:44:07,5173
11:44:08,5141
11:44:09,5027
11:44:10,4930
11:44:11,5049
11:44:12,5031
11:44:13,5046
11:44:14,4954
11:44:15,4868
11:44:16,4964
11:44:17,5066
11:44:18,4997
11:44:19,4820
11:44:20,5012
11:44:21,4890
11:44:22,5112
11:44:23,5006
11:44:24,5015
11:44:25,4845
11:44:26,4868
11:44:27,4548
11:44:28,4456
11:44:29,4594
11:44:30,4601
11:44:31,4742
11:44:32,4617
11:44:33,4588
11:44:34,4584
11:44:35,4550
11:44:36,4568
11:44:37,4583
11:44:38,4721
11:44:39,4623
11:44:40,4329
11:44:41,16777200
11:44:42,16777200
11:44:43,16777200
11:44:44,16777200
11:44:45,16777200
11:44:46,16777200
11:44:47,16777200
11:44:48,16777200
11:44:49,16777200
11:44:50,16777200
11:45:35,1820
11:45:36,2058
11:45:37,2278
11:45:38,2555
11:45:39,2729
11:45:40,2996
11:45:41,3246
11:45:42,3518
11:45:43,3926
11:45:44,4095
11:45:45,4124
11:45:46,3993
11:45:47,4159
11:45:48,3903
11:45:49,4116
11:45:50,4045
11:45:51,4293
11:45:52,4157
11:45:53,4491
11:45:54,4436
11:45:55,4867
11:45:56,4810
11:45:57,4930
11:45:58,4850
11:45:59,5001
11:46:00,5069
11:46:01,4991
11:46:02,5053
11:46:03,4874
11:46:04,5040
11:46:05,5136
11:46:06,5175
11:46:07,4997
11:46:08,5422
11:46:09,5416
11:46:10,5122
11:46:11,5111
11:46:12,5244
11:46:13,5185
11:46:14,5147
11:46:15,5246
11:46:16,5042
11:46:17,5159
11:46:18,5165
11:46:19,5070
11:46:20,5068
11:46:21,4803
11:46:22,4910
11:46:23,5021
11:46:24,5264
11:46:25,5285
11:46:26,4829
11:46:27,4778
11:46:28,4810
11:46:29,4903
11:46:30,4738
11:46:31,4740
11:46:32,4766
11:46:33,4903
11:46:34,4710
11:46:35,4932
11:46:36,4883
11:46:37,4809
11:46:38,4916
11:46:39,4820
11:46:40,4786
11:46:41,4853
11:46:42,4690
11:46:43,4740
11:46:44,4816
11:46:45,4679
11:46:46,4871
11:46:47,4838
11:46:48,4872
11:46:49,4801
11:46:50,4782
11:46:51,4778
11:46:52,4795
11:46:53,4799
11:46:54,4845
11:46:55,4871
11:46:56,4865
11:46:57,4958
11:46:58,4900
11:46:59,4861
11:47:00,4810
11:47:01,4938
11:47:02,4811
11:47:03,4862
11:47:04,4977
11:47:05,4905
11:47:06,4869
11:47:07,4827
11:47:08,4871
11:47:09,4768
11:47:10,5079
11:47:11,4884
11:47:12,4866
11:47:13,4835
11:47:14,4939
11:47:15,4875
11:47:16,5002
11:47:17,4942
11:47:18,5038
11:47:19,4922
11:47:20,5021
11:47:21,5069
11:47:22,5147
11:47:23,4855
11:47:24,4964
11:47:25,4866
11:47:26,4998
11:47:27,5063
11:47:28,4924
11:47:29,4977
11:47:30,4925
11:47:31,4930
11:47:32,4946
11:47:33,4917
11:47:34,4973
11:47:35,4923
11:47:36,4941
11:47:37,4962
11:47:38,4934
11:47:39,4930
11:47:40,5120
11:47:41,4956
11:47:42,4945
11:47:43,4947
11:47:44,4996
11:47:45,4997
11:47:46,4985
11:47:47,5061
11:47:48,5034
11:47:49,4861
11:47:50,4932
11:47:51,5016
11:47:52,5040
11:47:53,5237
11:47:54,5379
11:47:55,5175
11:47:56,5164
11:47:57,5143
11:47:58,5119
11:47:59,5024
11:48:00,4970
11:48:01,4962
11:48:02,5096
11:48:03,5371
11:48:04,5350
11:48:05,5662
11:48:06,5560
11:48:07,5457
11:48:08,5516
11:48:09,5419
11:48:10,5484
11:48:11,5423
11:48:12,5301
11:48:13,5499
11:48:14,5299
11:48:15,5136
11:48:16,5271
11:48:17,5315
11:48:18,5380
11:48:19,5313
11:48:20,5306
11:48:21,5225
11:48:22,5284
11:48:23,5300
11:48:24,5173
11:48:25,5319
11:48:26,5310
11:48:27,5374
11:48:28,5378
11:48:29,5475
11:48:30,5372
11:48:31,5384
11:48:32,5411
11:48:33,5360
11:48:34,5390
11:48:35,5397
11:48:36,5426
11:48:37,5593
11:48:38,6135
11:48:39,7145
11:48:40,7404
11:48:41,8435
11:48:42,8004
11:48:43,10070
11:48:44,11913
11:48:45,9334
11:48:46,6141
11:48:47,5418
11:48:48,5244
11:48:49,5548
11:48:50,5468
11:48:51,5765
11:48:52,5748
11:48:53,5700
11:48:54,5793
11:48:55,6267
11:48:56,6372
11:48:57,6124
11:48:58,6176
11:48:59,6504
11:49:00,6696
11:49:01,6946
11:49:02,6801
11:49:03,6396
11:49:04,5839
11:49:05,5641
11:49:06,5809
11:49:07,5807
11:49:08,5889
11:49:09,5840
11:49:10,5862
11:49:11,6051
11:49:12,6062
11:49:13,6338
11:49:14,5906
11:49:15,5802
11:49:16,5737
11:49:17,5775
11:49:18,5673
11:49:19,5725
11:49:20,5897
11:49:21,6040
11:49:22,5832
11:49:23,5932
11:49:24,5891
11:49:25,5970
11:49:26,5919
11:49:27,5736
11:49:28,5760
11:49:29,5626
11:49:30,5657
11:49:31,5757
11:49:32,5859
11:49:33,6191
11:49:34,6220
11:49:35,6887
11:49:36,7234
11:49:37,6831
11:49:38,6603
11:49:39,6373
11:49:40,6865
11:49:41,7075
11:49:42,6885
11:49:43,6897
11:49:44,6530
11:49:45,6233
11:49:46,6197
11:49:47,5905
11:49:48,5964
11:49:49,6051
11:49:50,6264
11:49:51,6041
11:49:52,6163
11:49:53,6289
11:49:54,6228
11:49:55,6367
11:49:56,6475
11:49:57,6660
11:49:58,6604
11:49:59,6247
11:50:00,6240
11:50:01,6241
11:50:02,6079
11:50:03,6128
11:50:04,6235
11:50:05,6265
11:50:06,6288
11:50:07,6413
11:50:08,7076
11:50:09,6796
11:50:10,6882
11:50:11,6997
11:50:12,6944
11:50:13,6966
11:50:14,6724
11:50:15,9661
11:50:16,11964
11:50:17,10711
11:50:18,12863
11:50:19,14170
11:50:20,12521
11:50:21,9347
11:50:22,8829
11:50:23,9304
11:50:24,10351
11:50:25,8993
11:50:26,7673
11:50:27,7717
11:50:28,7013
11:50:29,6323
11:50:30,6191
11:50:31,5889
11:50:32,5976
11:50:33,5731
11:50:34,5933
11:50:35,5837
11:50:36,5821
11:50:37,5887
11:50:38,5871
11:50:39,6214
11:50:40,7299
11:50:41,8105
11:50:42,9329
11:50:43,13208
11:50:44,12621
11:50:45,13477
11:50:46,12684
11:50:47,7968
11:50:48,6406
11:50:49,6212
11:50:50,6216
11:50:51,6736
11:50:52,7071
11:50:53,7109
11:50:54,8240
11:50:55,8597
11:50:56,8655
11:50:57,10066
11:50:58,11093
11:50:59,10456
11:51:00,8681
11:51:01,7917
11:51:02,8117
11:51:03,7644
11:51:04,6894
11:51:05,6748
11:51:06,6556
11:51:07,6536
11:51:08,6657
11:51:09,6627
11:51:10,6439
11:51:11,6566
11:51:12,6674
11:51:13,6504
11:51:14,6388
11:51:15,7177
11:51:16,7567
11:51:17,6768
11:51:18,6177
11:51:19,5938
11:51:20,7089
11:51:21,7176
11:51:22,6878
11:51:23,6882
11:51:24,6820
11:51:25,6807
11:51:26,6834
11:51:27,6529
11:51:28,6428
11:51:29,6258
11:51:30,6391
11:51:31,6284
11:51:32,6219
11:51:33,5989
11:51:34,6001
11:51:35,5873
11:51:36,5974
11:51:37,5840
11:51:38,5829
11:51:39,5993
11:51:40,6022
11:51:41,6050
11:51:42,6159
11:51:43,6134
11:51:44,6115
11:51:45,6196
11:51:46,6216
11:51:47,6329
11:51:48,7534
11:51:49,7311
11:51:50,7062
11:51:51,7743
11:51:52,8274
11:51:53,11236
11:51:54,9455
11:51:55,7168
11:51:56,6825
11:51:57,6511
11:51:58,6317
11:51:59,6228
11:52:00,6351
11:52:01,6577
11:52:02,6469
11:52:03,6553
11:52:04,6653
11:52:05,7047
11:52:06,6736
11:52:07,6773
11:52:08,6739
11:52:09,7000
11:52:10,7043
11:52:11,6936
11:52:12,7106
11:52:13,6977
11:52:14,6648
11:52:15,6629
11:52:16,6699
11:52:17,6452
11:52:18,6536
11:52:19,6635
11:52:20,6668
11:52:21,6757
11:52:22,6531
11:52:23,6478
11:52:24,6430
11:52:25,6541
11:52:26,6427
11:52:27,6630
11:52:28,6707
11:52:29,6731
11:52:30,6701
11:52:31,6612
11:52:32,6425
11:52:33,6480
11:52:34,6598
11:52:35,6628
11:52:36,6393
11:52:37,6488
11:52:38,6514
11:52:39,6290
11:52:40,6373
11:52:41,6643
11:52:42,6944
11:52:43,6949
11:52:44,6549
11:52:45,6823
11:52:46,6777
11:52:47,6699
11:52:48,6410
11:52:49,6513
11:52:50,6257
11:52:51,6365
11:52:52,6291
11:52:53,6252
11:52:54,6295
11:52:55,6389
11:52:56,6286
11:52:57,6266
11:52:58,6157
11:52:59,6133
11:53:00,6166
11:53:01,6341
11:53:02,6457
11:53:03,6490
11:53:04,6240
11:53:05,6270
11:53:06,6317
11:53:07,6292
11:53:08,6423
11:53:09,6580
11:53:10,6652
11:53:11,7041
11:53:12,6800
11:53:13,7099
11:53:14,6781
11:53:15,6581
11:53:16,6660
11:53:17,6580
11:53:18,6580
11:53:19,6685
11:53:20,6615
11:53:21,6607
11:53:22,6606
11:53:23,6586
11:53:24,6618
11:53:25,6829
11:53:26,6833
11:53:27,6763
11:53:28,6717
11:53:29,7218
11:53:30,7948
11:53:31,7860
11:53:32,7565
11:53:33,7473
11:53:34,7279
11:53:35,6911
11:53:36,6823
11:53:37,7045
11:53:38,7434
11:53:39,7529
11:53:40,7496
11:53:41,7474
11:53:42,7706
11:53:43,7528
11:53:44,7634
11:53:45,7530
11:53:46,7676
11:53:47,7736
11:53:48,8031
11:53:49,8501
11:53:50,8221
11:53:51,8086
11:53:52,8050
11:53:53,8735
11:53:54,9032
11:53:55,8988
11:53:56,9274
11:53:57,10190
11:53:58,10073
11:53:59,9668
11:54:00,9741
11:54:01,9365
11:54:02,8670
11:54:03,7388
11:54:04,7103
11:54:05,7756
11:54:06,7833
11:54:07,7814
11:54:08,7795
11:54:09,7689
11:54:10,7054
11:54:11,6936
11:54:12,7086
11:54:13,6357
11:54:14,6051
11:54:15,5904
11:54:16,5855
11:54:17,6476
11:54:18,7238
11:54:19,7203
11:54:20,6363
11:54:21,5640
11:54:22,5287
11:54:23,4947
11:54:24,5302
11:54:25,5871
11:54:26,5383
11:54:27,5422
11:54:28,5320
11:54:29,5546
11:54:30,5684
11:54:31,5784
11:54:32,5961
11:54:33,6174
11:54:34,6480
11:54:35,6596
11:54:36,6362
11:54:37,6370
11:54:38,6407
11:54:39,6324
11:54:40,6280
11:54:41,6003
11:54:42,5745
11:54:43,5515
11:54:44,5563
11:54:45,5654
11:54:46,5546
11:54:47,5633
11:54:48,5780
11:54:49,5868
11:54:50,5849
11:54:51,5641
11:54:52,5554
11:54:53,5305
11:54:54,5084
11:54:55,4949
11:54:56,4861
11:54:57,5114
11:54:58,4996
11:54:59,5048
11:55:00,5118
11:55:01,5321
11:55:02,5272
11:55:03,5469
11:55:04,5453
11:55:05,5382
11:55:06,5640
11:55:07,5223
11:55:08,5515
11:55:09,6657
11:55:10,5585
11:55:11,5360
11:55:12,5122
11:55:13,5110
11:55:14,5190
11:55:15,5191
11:55:16,5271
11:55:17,5259
11:55:18,5326
11:55:19,5304
11:55:20,5261
11:55:21,5094
11:55:22,4912
11:55:23,4839
11:55:24,4770
11:55:25,5242
11:55:26,5440
11:55:27,5599
11:55:28,5709
11:55:29,5827
11:55:30,5590
11:55:31,5688
11:55:32,5547
11:55:33,5560
11:55:34,5419
11:55:35,5282
11:55:36,5356
11:55:37,5555
11:55:38,5693
11:55:39,5799
11:55:40,5783
11:55:41,5981
11:55:42,6205
11:55:43,6074
11:55:44,5899
11:55:45,5984
11:55:46,5903
11:55:47,5730
11:55:48,5589
11:55:49,5910
11:55:50,6022
11:55:51,5718
11:55:52,5567
11:55:53,5529
11:55:54,5484
11:55:55,5364
11:55:56,5300
11:55:57,5308
11:55:58,5129
11:55:59,5049
11:56:00,5169
11:56:01,4932
11:56:02,4899
11:56:03,5302
11:56:04,5368
11:56:05,5620
11:56:06,5509
11:56:07,5562
11:56:08,5450
11:56:09,5428
11:56:10,5546
11:56:11,5454
11:56:12,5521
11:56:13,5322
11:56:14,5060
11:56:15,5154
11:56:16,5038
11:56:17,5077
11:56:18,5158
11:56:19,5079
11:56:20,4951
11:56:21,4870
11:56:22,4868
11:56:23,4839
11:56:24,4843
11:56:25,4944
11:56:26,4892
11:56:27,5108
11:56:28,5187
11:56:29,5224
11:56:30,5206
11:56:31,5265
11:56:32,5666
11:56:33,5598
11:56:34,5475
11:56:35,5009
11:56:36,4894
11:56:37,4886
11:56:38,5024
11:56:39,5030
11:56:40,4900
11:56:41,5153
11:56:42,4981
11:56:43,5064
11:56:44,5096
11:56:45,5108
11:56:46,4776
11:56:47,4999
11:56:48,4935
11:56:49,4776
11:56:50,4763
11:56:51,4742
11:56:52,8803
11:56:53,20082
11:56:54,24662
11:56:55,29043
11:56:56,20730
11:56:57,10783
11:56:58,6761
11:56:59,6375
11:57:00,5731
11:57:01,4873
11:57:02,4688
11:57:03,4750
11:57:04,4725
11:57:05,4760
11:57:06,4647
11:57:07,4669
11:57:08,4715
11:57:09,4764
11:57:10,4713
11:57:11,4691
11:57:12,4712
11:57:13,4724
11:57:14,4711
11:57:15,4698
11:57:16,4716
11:57:17,4628
11:57:18,4624
11:57:19,4662
11:57:20,4754
11:57:21,4776
11:57:22,4846
11:57:23,4679
11:57:24,4721
11:57:25,4809
11:57:26,4844
11:57:27,4761
11:57:28,4736
11:57:29,4726
11:57:30,4618
11:57:31,4783
11:57:32,4674
11:57:33,4803
11:57:34,4687
11:57:35,4631
11:57:36,4850
11:57:37,5467
11:57:38,5442
11:57:39,4788
11:57:40,4874
11:57:41,4691
11:57:42,4930
11:57:43,4979
11:57:44,4919
11:57:45,4869
11:57:46,4791
11:57:47,4979
11:57:48,4949
11:57:49,4953
11:57:50,4779
11:57:51,16777200
11:57:52,16777200
11:57:53,16777200
11:57:54,16777200
11:57:55,16777200
11:57:56,16777200
11:57:57,16777200
11:57:58,16777200
11:57:59,16777200
11:58:00,16777200
12:01:46,12473
12:01:47,14432
12:01:48,13371
12:01:49,9666
12:01:50,8905
12:01:51,10839
12:01:52,11573
12:01:53,12156
12:01:54,12933
12:01:55,9483
12:01:56,11347
12:01:57,9817
12:01:58,12172
12:01:59,7042
12:02:00,5704
12:02:01,5570
12:02:02,5537
12:02:03,5724
12:02:04,5706
12:02:05,5913
12:02:06,5930
12:02:07,5814
12:02:08,6059
12:02:09,5694
12:02:10,5060
12:02:11,5075
12:02:12,5263
12:02:13,5254
12:02:14,5395
12:02:15,5437
12:02:16,5367
12:02:17,5151
12:02:18,5191
12:02:19,6042
12:02:20,6242
12:02:21,6230
12:02:22,6006
12:02:23,6437
12:02:24,6618
12:02:25,6657
12:02:26,6842
12:02:27,7079
12:02:28,7059
12:02:29,6993
12:02:30,7052
12:02:31,6959
12:02:32,6525
12:02:33,6574
12:02:34,6971
12:02:35,8368
12:02:36,9709
12:02:37,11274
12:02:38,9566
12:02:39,7704
12:02:40,6699
12:02:41,6188
12:02:42,6233
12:02:43,5933
12:02:44,5738
12:02:45,5749
12:02:46,5920
12:02:47,5899
12:02:48,5954
12:02:49,6600
12:02:50,6511
12:02:51,6222
12:02:52,6116
12:02:53,5970
12:02:54,5484
12:02:55,5577
12:02:56,5245
12:02:57,5320
12:02:58,5059
12:02:59,4908
12:03:00,5089
12:03:01,4998
12:03:02,5025
12:03:03,4946
12:03:04,5723
12:03:05,11401
12:03:06,18316
12:03:07,15606
12:03:08,13764
12:03:09,11288
12:03:10,10275
12:03:11,12149
12:03:12,12092
12:03:13,12643
12:03:14,15119
12:03:15,13320
12:03:16,13584
12:03:17,11804
12:03:18,10587
12:03:19,7850
12:03:20,6590
12:03:21,7735
12:03:22,8128
12:03:23,7268
12:03:24,7123
12:03:25,9085
12:03:26,13096
12:03:27,14165
12:03:28,16798
12:03:29,17903
12:03:30,22702
12:03:31,23635
12:03:32,22178
12:03:33,18684
12:03:34,9750
12:03:35,10250
12:03:36,8743
12:03:37,12021
12:03:38,13756
12:03:39,12391
12:03:40,14371
12:03:41,17069
12:03:42,19283
12:03:43,17923
12:03:44,15181
12:03:45,15226
12:03:46,13446
12:03:47,11586
12:03:48,11400
12:03:49,11828
12:03:50,12004
12:03:51,13282
12:03:52,13477
12:03:53,11691
12:03:54,10515
12:03:55,11348
12:03:56,15332
12:03:57,15917
12:03:58,12183
12:03:59,9517
12:04:00,7886
12:04:01,7361
12:04:02,9186
12:04:03,7210
12:04:04,7272
12:04:05,6778
12:04:06,6358
12:04:07,5866
12:04:08,5638
12:04:09,5554
12:04:10,5475
12:04:11,5056
12:04:12,4863
12:04:13,4867
12:04:14,4973
12:04:15,5091
12:04:16,4970
12:04:17,4793
12:04:18,5049
12:04:19,5214
12:04:20,5251
12:04:21,5466
12:04:22,5121
12:04:23,5086
12:04:24,4792
12:04:25,4507
12:04:26,4477
12:04:27,4532
12:04:28,4713
12:04:29,4614
12:04:30,4614
12:04:31,4706
12:04:32,4850
12:04:33,4931
12:04:34,5195
12:04:35,5710
12:04:36,5821
12:04:37,5756
12:04:38,6118
12:04:39,5479
12:04:40,4684
12:04:41,4395
12:04:42,4382
12:04:43,4575
12:04:44,4570
12:04:45,4811
12:04:46,5009
12:04:47,5228
12:04:48,6331
12:04:49,6345
12:04:50,5623
12:04:51,5877
12:04:52,6320
12:04:53,6615
12:04:54,6190
12:04:55,4783
12:04:56,4441
12:04:57,4350
12:04:58,4350
12:04:59,4308
12:05:00,4224
12:05:01,4580
12:05:02,4362
12:05:03,4199
12:05:04,4341
12:05:05,4225
12:05:06,4224
12:05:07,4314
12:05:08,4538
12:05:09,4361
12:05:10,4394
12:05:11,5352
12:05:12,5304
12:05:13,4790
12:05:14,5206
12:05:15,5336
12:05:16,7013
12:05:17,8473
12:05:18,15926
12:05:19,10307
12:05:20,13374
12:05:21,8838
12:05:22,6284
12:05:23,5230
12:05:24,4428
12:05:25,4847
12:05:26,4658
12:05:27,4598
12:05:28,4448
12:05:29,4536
12:05:30,4670
12:05:31,6281
12:05:32,6800
12:05:33,7647
12:05:34,7551
12:05:35,6718
12:05:36,7221
12:05:37,6427
12:05:38,6258
12:05:39,7370
12:05:40,8298
12:05:41,6461
12:05:42,4837
12:05:43,4615
12:05:44,4462
12:05:45,4704
12:05:46,4464
12:05:47,4478
12:05:48,4779
12:05:49,4639
12:05:50,7869
12:05:51,5525
12:05:52,4470
12:05:53,4342
12:05:54,4253
12:05:55,4276
12:05:56,4247
12:05:57,4305
12:05:58,4289
12:05:59,4302
12:06:00,4336
12:06:01,4361
12:06:02,4291
12:06:03,4444
12:06:04,4295
12:06:05,4283
12:06:06,4417
12:06:07,4282
12:06:08,4398
12:06:09,4268
12:06:10,4394
12:06:11,4361
12:06:12,4339
12:06:13,4280
12:06:14,4211
12:06:15,4388
12:06:16,4324
12:06:17,4417
12:06:18,4384
12:06:19,4151
12:06:20,4184
12:06:21,4291
12:06:22,4229
12:06:23,4250
12:06:24,4329
12:06:25,4192
12:06:26,4313
12:06:27,4359
12:06:28,4313
12:06:29,4165
12:06:30,4258
12:06:31,4297
12:06:32,4349
12:06:33,4278
12:06:34,4337
12:06:35,4251
12:06:36,4238
12:06:37,4257
12:06:38,4371
12:06:39,4383
12:06:40,4318
12:06:41,4454
12:06:42,4363
12:06:43,4279
12:06:44,4496
12:06:45,4489
12:06:46,4303
12:06:47,4448
12:06:48,4369
12:06:49,4183
12:06:50,4226
12:06:51,4333
12:06:52,4306
12:06:53,4939
12:06:54,4476
12:06:55,4182
12:06:56,4255
12:06:57,4144
12:06:58,4313
12:06:59,4204
12:07:00,4137
12:07:01,4220
12:07:02,4526
12:07:03,4985
12:07:04,4513
12:07:05,4168
12:07:06,4043
12:07:07,4227
12:07:08,4226
12:07:09,4109
12:07:10,4156
12:07:11,4080
12:07:12,4055
12:07:13,4106
12:07:14,4237
12:07:15,4155
12:07:16,4138
12:07:17,4034
12:07:18,3996
12:07:19,4010
12:07:20,4055
12:07:21,5051
12:07:22,6828
12:07:23,4501
12:07:24,4254
12:07:25,4257
12:07:26,4175
12:07:27,4065
12:07:28,4007
12:07:29,4106
12:07:30,4187
12:07:31,4423
12:07:32,4280
12:07:33,4251
12:07:34,4198
12:07:35,4454
12:07:36,4442
12:07:37,4138
12:07:38,4238
12:07:39,4311
12:07:40,4184
12:07:41,4224
12:07:42,4181
12:07:43,4389
12:07:44,4539
12:07:45,4584
12:07:46,5224
12:07:47,4729
12:07:48,4612
12:07:49,4428
12:07:50,4352
12:07:51,4433
12:07:52,4696
12:07:53,5129
12:07:54,4347
12:07:55,5010
12:07:56,4488
12:07:57,4976
12:07:58,4339
12:07:59,4341
12:08:00,4458
12:08:01,4263
12:08:02,4426
12:08:03,5034
12:08:04,5124
12:08:05,5984
12:08:06,5404
12:08:07,5001
12:08:08,4695
12:08:09,5007
12:08:10,5733
12:08:11,5744
12:08:12,5187
12:08:13,4538
12:08:14,4395
12:08:15,4414
12:08:16,5098
12:08:17,5644
12:08:18,6467
12:08:19,6770
12:08:20,6097
12:08:21,5210
12:08:22,4653
12:08:23,4289
12:08:24,4078
12:08:25,4166
12:08:26,4089
12:08:27,4081
12:08:28,4143
12:08:29,4247
12:08:30,4350
12:08:31,4316
12:08:32,4474
12:08:33,4424
12:08:34,4341
12:08:35,4183
12:08:36,4049
12:08:37,4319
12:08:38,4454
12:08:39,4464
12:08:40,4574
12:08:41,4656
12:08:42,4593
12:08:43,4821
12:08:44,4785
12:08:45,4592
12:08:46,4732
12:08:47,4754
12:08:48,4591
12:08:49,4688
12:08:50,4553
12:08:51,4330
12:08:52,4316
12:08:53,4257
12:08:54,4400
12:08:55,4170
12:08:56,4123
12:08:57,4230
12:08:58,4250
12:08:59,4242
12:09:00,4501
12:09:01,4430
12:09:02,4196
12:09:03,4177
12:09:04,4045
12:09:05,4106
12:09:06,4070
12:09:07,4209
12:09:08,4106
12:09:09,4131
12:09:10,4154
12:09:11,4199
12:09:12,4298
12:09:13,4260
12:09:14,4232
12:09:15,4236
12:09:16,4220
12:09:17,4276
12:09:18,4217
12:09:19,4305
12:09:20,4106
12:09:21,4139
12:09:22,4305
12:09:23,4118
12:09:24,4203
12:09:25,4168
12:09:26,4183
12:09:27,5140
12:09:28,7361
12:09:29,5350
12:09:30,4475
12:09:31,4412
12:09:32,4271
12:09:33,4207
12:09:34,4204
12:09:35,4235
12:09:36,4233
12:09:37,4097
12:09:38,4168
12:09:39,4075
12:09:40,4139
12:09:41,4182
12:09:42,3994
12:09:43,4095
12:09:44,4007
12:09:45,4046
12:09:46,4083
12:09:47,4074
12:09:48,4038
12:09:49,3967
12:09:50,3919
12:09:51,4096
12:09:52,4210
12:09:53,4115
12:09:54,4000
12:09:55,4142
12:09:56,4121
12:09:57,3944
12:09:58,3913
12:09:59,3884
12:10:00,3843
12:10:01,3836
12:10:02,3930
12:10:03,3907
12:10:04,3969
12:10:05,3892
12:10:06,4043
12:10:07,3906
12:10:08,3932
12:10:09,4168
12:10:10,4052
12:10:11,4015
12:10:12,4112
12:10:13,4074
12:10:14,4134
12:10:15,4136
12:10:16,4032
12:10:17,3990
12:10:18,3962
12:10:19,4038
12:10:20,4080
12:10:21,4135
12:10:22,4098
12:10:23,4134
12:10:24,4050
12:10:25,4045
12:10:26,4189
12:10:27,4187
12:10:28,4201
12:10:29,4234
12:10:30,4153
12:10:31,4097
12:10:32,4124
12:10:33,4084
12:10:34,4114
12:10:35,4127
12:10:36,4050
12:10:37,4125
12:10:38,3929
12:10:39,3933
12:10:40,4059
12:10:41,4120
12:10:42,3997
12:10:43,4129
12:10:44,4087
12:10:45,4050
12:10:46,4273
12:10:47,4305
12:10:48,4154
12:10:49,3917
12:10:50,4027
12:10:51,3960
12:10:52,3991
12:10:53,4005
12:10:54,4030
12:10:55,4061
12:10:56,4059
12:10:57,3985
12:10:58,4036
12:10:59,4125
12:11:00,4147
12:11:01,4040
12:11:02,4003
12:11:03,4100
12:11:04,4114
12:11:05,4148
12:11:06,4181
12:11:07,4229
12:11:08,4222
12:11:09,4210
12:11:10,4230
12:11:11,4153
12:11:12,4201
12:11:13,4282
12:11:14,4275
12:11:15,4224
12:11:16,4101
12:11:17,4026
12:11:18,4116
12:11:19,4119
12:11:20,4084
12:11:21,4011
12:11:22,3990
12:11:23,4042
12:11:24,3972
12:11:25,3912
12:11:26,3940
12:11:27,3961
12:11:28,3899
12:11:29,3949
12:11:30,3891
12:11:31,3939
12:11:32,3944
12:11:33,3921
12:11:34,3974
12:11:35,4754
12:11:36,4506
12:11:37,4844
12:11:38,4560
12:11:39,4071
12:11:40,4390
12:11:41,4848
12:11:42,4717
12:11:43,5268
12:11:44,7157
12:11:45,7756
12:11:46,5901
12:11:47,4342
12:11:48,3983
12:11:49,4006
12:11:50,4327
12:11:51,5836
12:11:52,6481
12:11:53,6433
12:11:54,6455
12:11:55,6166
12:11:56,5440
12:11:57,5139
12:11:58,4930
12:11:59,5298
12:12:00,5321
12:12:01,4982
12:12:02,4872
12:12:03,4698
12:12:04,4440
12:12:05,4148
12:12:06,4300
12:12:07,5228
12:12:08,5439
12:12:09,5545
12:12:10,5674
12:12:11,5548
12:12:12,6317
12:12:13,6275
12:12:14,6255
12:12:15,6127
12:12:16,6055
12:12:17,6436
12:12:18,7576
12:12:19,7015
12:12:20,6546
12:12:21,6299
12:12:22,6292
12:12:23,5870
12:12:24,5644
12:12:25,5389
12:12:26,5973
12:12:27,6797
12:12:28,7435
12:12:29,7443
12:12:30,6587
12:12:31,4673
12:12:32,4384
12:12:33,4417
12:12:34,4624
12:12:35,4543
12:12:36,4886
12:12:37,4750
12:12:38,4760
12:12:39,4993
12:12:40,4743
12:12:41,5088
12:12:42,5056
12:12:43,4802
12:12:44,4382
12:12:45,4291
12:12:46,4310
12:12:47,4185
12:12:48,4153
12:12:49,4066
12:12:50,4112
12:12:51,4231
12:12:52,4080
12:12:53,4190
12:12:54,4184
12:12:55,4176
12:12:56,4244
12:12:57,4215
12:12:58,4086
12:12:59,4036
12:13:00,4019
12:13:01,3926
12:13:02,4025
12:13:03,3889
12:13:04,4019
12:13:05,4072
12:13:06,3979
12:13:07,4143
12:13:08,4128
12:13:09,4059
12:13:10,4083
12:13:11,4075
12:13:12,4045
12:13:13,4121
12:13:14,4148
12:13:15,4184
12:13:16,5181
12:13:17,4426
12:13:18,4051
12:13:19,3963
12:13:20,4136
12:13:21,4281
12:13:22,4498
12:13:23,4367
12:13:24,4370
12:13:25,4513
12:13:26,4535
12:13:27,4565
12:13:28,4631
12:13:29,4549
12:13:30,4734
12:13:31,4861
12:13:32,5590
12:13:33,4981
12:13:34,4069
12:13:35,3997
12:13:36,4801
12:13:37,19841
12:13:38,21693
12:13:39,16755
12:13:40,13864
12:13:41,10591
12:13:42,9275
12:13:43,8569
12:13:44,7419
12:13:45,7584
12:13:46,7333
12:13:47,6432
12:13:48,6391
12:13:49,6203
12:13:50,6155
12:13:51,5644
12:13:52,5701
12:13:53,5682
12:13:54,5606
12:13:55,5676
12:13:56,5704
12:13:57,5394
12:13:58,5332
12:13:59,5369
12:14:00,4991
12:14:01,4675
12:14:02,4898
12:14:03,5040
12:14:04,5089
12:14:05,4880
12:14:06,4785
12:14:07,4740
12:14:08,4658
12:14:09,4609
12:14:10,5354
12:14:11,5065
12:14:12,5658
12:14:13,5159
12:14:14,4881
12:14:15,5455
12:14:16,5151
12:14:17,5915
12:14:18,6409
12:14:19,5708
12:14:20,5389
12:14:21,5386
12:14:22,5589
12:14:23,5492
12:14:24,4975
12:14:25,4893
12:14:26,4910
12:14:27,4786
12:14:28,4786
12:14:29,4910
12:14:30,4918
12:14:31,5064
12:14:32,4819
12:14:33,4793
12:14:34,4910
12:14:35,4565
12:14:36,4620
12:14:37,4438
12:14:38,4511
12:14:39,4454
12:14:40,4501
12:14:41,4406
12:14:42,4633
12:14:43,4669
12:14:44,4751
12:14:45,4607
12:14:46,4683
12:14:47,4720
12:14:48,4692
12:14:49,4651
12:14:50,4532
12:14:51,4625
12:14:52,4527
12:14:53,4482
12:14:54,4686
12:14:55,4630
12:14:56,4571
12:14:57,4618
12:14:58,4759
12:14:59,4749
12:15:00,4797
12:15:01,4590
12:15:02,4612
12:15:03,4518
12:15:04,4498
12:15:05,4465
12:15:06,4462
12:15:07,5130
12:15:08,5299
12:15:09,5032
12:15:10,4933
12:15:11,5033
12:15:12,5099
12:15:13,5946
12:15:14,5974
12:15:15,5478
12:15:16,5300
12:15:17,5550
12:15:18,5412
12:15:19,5259
12:15:20,5285
12:15:21,5214
12:15:22,5444
12:15:23,5633
12:15:24,4970
12:15:25,4545
12:15:26,4462
12:15:27,4398
12:15:28,4350
12:15:29,4287
12:15:30,4381
12:15:31,4418
12:15:32,4381
12:15:33,4257
12:15:34,4408
12:15:35,4420
12:15:36,4353
12:15:37,4430
12:15:38,4375
12:15:39,4370
12:15:40,4305
12:15:41,4407
12:15:42,4302
12:15:43,4383
12:15:44,4442
12:15:45,4433
12:15:46,4427
12:15:47,4420
12:15:48,4325
12:15:49,4448
12:15:50,4367
12:15:51,4372
12:15:52,4513
12:15:53,4457
12:15:54,4344
12:15:55,4350
12:15:56,4283
12:15:57,4412
12:15:58,4253
12:15:59,4341
12:16:00,4319
12:16:01,4415
12:16:02,4387
12:16:03,4358
12:16:04,4384
12:16:05,4358
12:16:06,4371
12:16:07,4420
12:16:08,4454
12:16:09,4423
12:16:10,4394
12:16:11,4382
12:16:12,4440
12:16:13,4432
12:16:14,4452
12:16:15,4401
12:16:16,4401
12:16:17,4398
12:16:18,4442
12:16:19,4499
12:16:20,4402
12:16:21,4375
12:16:22,4550
12:16:23,4554
12:16:24,4833
12:16:25,4934
12:16:26,5016
12:16:27,5570
12:16:28,5985
12:16:29,5642
12:16:30,5708
12:16:31,5689
12:16:32,4885
12:16:33,4861
12:16:34,4990
12:16:35,5158
12:16:36,5077
12:16:37,4953
12:16:38,4996
12:16:39,4974
12:16:40,4984
12:16:41,5126
12:16:42,5032
12:16:43,4703
12:16:44,4661
12:16:45,4574
12:16:46,7642
12:16:47,7315
12:16:48,7113
12:16:49,6688
12:16:50,9011
12:16:51,8196
12:16:52,9823
12:16:53,17423
12:16:54,16803
12:16:55,17405
12:16:56,20598
12:16:57,18879
12:16:58,12290
12:16:59,13002
12:17:00,25067
12:17:01,33718
12:17:02,43924
12:17:03,41237
12:17:04,13467
12:17:05,7508
12:17:06,7393
12:17:07,7889
12:17:08,11941
12:17:09,19173
12:17:10,9008
12:17:11,6505
12:17:12,6278
12:17:13,6124
12:17:14,5752
12:17:15,6728
12:17:16,6189
12:17:17,7490
12:17:18,8589
12:17:19,9103
12:17:20,8363
12:17:21,10847
12:17:22,14064
12:17:23,9183
12:17:24,6492
12:17:25,6235
12:17:26,7798
12:17:27,6724
12:17:28,7058
12:17:29,7091
12:17:30,7404
12:17:31,6009
12:17:32,5348
12:17:33,5389
12:17:34,5750
12:17:35,6811
12:17:36,6949
12:17:37,6579
12:17:38,5869
12:17:39,6121
12:17:40,6047
12:17:41,6902
12:17:42,7018
12:17:43,7515
12:17:44,6790
12:17:45,5835
12:17:46,6529
12:17:47,9336
12:17:48,9441
12:17:49,11970
12:17:50,17322
12:17:51,19781
12:17:52,21539
12:17:53,23216
12:17:54,26402
12:17:55,28133
12:17:56,26382
12:17:57,23073
12:17:58,18236
12:17:59,18967
12:18:00,16595
12:18:01,12964
12:18:02,10254
12:18:03,8667
12:18:04,9458
12:18:05,8588
12:18:06,7854
12:18:07,8106
12:18:08,7804
12:18:09,6685
12:18:10,5594
12:18:11,4881
12:18:12,4740
12:18:13,4621
12:18:14,4703
12:18:15,5928
12:18:16,4844
12:18:17,4488
12:18:18,4646
12:18:19,4803
12:18:20,5329
12:18:21,4759
12:18:22,4597
12:18:23,4636
12:18:24,4540
12:18:25,4607
12:18:26,4551
12:18:27,4654
12:18:28,4535
12:18:29,5200
12:18:30,5907
12:18:31,5678
12:18:32,6150
12:18:33,6451
12:18:34,7586
12:18:35,7146
12:18:36,7091
12:18:37,6388
12:18:38,6424
12:18:39,6399
12:18:40,5930
12:18:41,5655
12:18:42,5621
12:18:43,5917
12:18:44,5995
12:18:45,6381
12:18:46,6193
12:18:47,5901
12:18:48,5821
12:18:49,5526
12:18:50,4887
12:18:51,4802
12:18:52,4678
12:18:53,4550
12:18:54,4635
12:18:55,4588
12:18:56,4538
12:18:57,4618
12:18:58,4524
12:18:59,4475
12:19:00,4366
12:19:01,4466
12:19:02,4901
12:19:03,5360
12:19:04,4821
12:19:05,4487
12:19:06,4485
12:19:07,4641
12:19:08,4335
12:19:09,4438
12:19:10,4389
12:19:11,4541
12:19:12,4542
12:19:13,4474
12:19:14,4455
12:19:15,4496
12:19:16,4414
12:19:17,4434
12:19:18,4395
12:19:19,4479
12:19:20,4475
12:19:21,4451
12:19:22,4411
12:19:23,4493
12:19:24,4550
12:19:25,4555
12:19:26,4467
12:19:27,4465
12:19:28,4387
12:19:29,4486
12:19:30,4521
12:19:31,4447
12:19:32,4476
12:19:33,4445
12:19:34,4331
12:19:35,4420
12:19:36,4398
12:19:37,4470
12:19:38,4394
12:19:39,4469
12:19:40,4440
12:19:41,4489
12:19:42,4456
12:19:43,4487
12:19:44,4501
12:19:45,4515
12:19:46,4432
12:19:47,4469
12:19:48,4381
12:19:49,4461
12:19:50,4448
12:19:51,4405
12:19:52,4425
12:19:53,4413
12:19:54,4495
12:19:55,4472
12:19:56,4429
12:19:57,4570
12:19:58,4498
12:19:59,4456
12:20:00,4449
12:20:01,4482
12:20:02,4402
12:20:03,4469
12:20:04,4544
12:20:05,4515
12:20:06,4426
12:20:07,4444
12:20:08,4403
12:20:09,4350
12:20:10,4235
12:20:11,4384
12:20:12,4514
12:20:13,4414
12:20:14,4528
12:20:15,4472
12:20:16,4598
12:20:17,4610
12:20:18,4688
12:20:19,4566
12:20:20,4504
12:20:21,4365
12:20:22,4330
12:20:23,4426
12:20:24,4300
12:20:25,4297
12:20:26,4399
12:20:27,4398
12:20:28,4367
12:20:29,4336
12:20:30,4584
12:20:31,4437
12:20:32,4351
12:20:33,4229
12:20:34,4250
12:20:35,4383
12:20:36,4376
12:20:37,4339
12:20:38,4505
12:20:39,4267
12:20:40,4462
12:20:41,4532
12:20:42,4501
12:20:43,4542
12:20:44,4620
12:20:45,4364
12:20:46,4388
12:20:47,4408
12:20:48,4482
12:20:49,4447
12:20:50,4462
12:20:51,4356
12:20:52,4423
12:20:53,4471
12:20:54,4461
12:20:55,4506
12:20:56,4503
12:20:57,4292
12:20:58,4186
12:20:59,4326
12:21:00,4412
12:21:01,4407
12:21:02,4412
12:21:03,4352
12:21:04,4364
12:21:05,4314
12:21:06,4266
12:21:07,4350
12:21:08,4370
12:21:09,4357
12:21:10,4436
12:21:11,4381
12:21:12,4541
12:21:13,4506
12:21:14,4511
12:21:15,4449
12:21:16,4415
12:21:17,4437
12:21:18,4519
12:21:19,4571
12:21:20,4518
12:21:21,4500
12:21:22,4429
12:21:23,4611
12:21:24,4527
12:21:25,4643
12:21:26,4522
12:21:27,4420
12:21:28,4571
12:21:29,4563
12:21:30,4644
12:21:31,4587
12:21:32,4585
12:21:33,4510
12:21:34,4585
12:21:35,4706
12:21:36,4661
12:21:37,4552
12:21:38,4584
12:21:39,4512
12:21:40,4701
12:21:41,4548
12:21:42,4616
12:21:43,4564
12:21:44,4552
12:21:45,4429
12:21:46,4414
12:21:47,4451
12:21:48,4388
12:21:49,4377
12:21:50,4183
12:21:51,4471
12:21:52,4381
12:21:53,4263
12:21:54,4552
12:21:55,4498
12:21:56,4541
12:21:57,4481
12:21:58,16777200
12:21:59,16777200
12:22:00,16777200
12:22:01,16777200
12:22:02,16777200
12:22:03,16777200
12:22:04,16777200
12:22:05,16777200
12:22:06,16777200
12:22:07,16777200
12:22:25,3410
12:22:26,3572
12:22:27,3662
12:22:28,3835
12:22:29,3970
12:22:30,4056
12:22:31,4110
12:22:32,4007
12:22:33,4097
12:22:34,4116
12:22:35,4238
12:22:36,4240
12:22:37,4328
12:22:38,4287
12:22:39,4145
12:22:40,4367
12:22:41,4240
12:22:42,4456
12:22:43,4350
12:22:44,4551
12:22:45,4797
12:22:46,4908
12:22:47,4768
12:22:48,4800
12:22:49,5388
12:22:50,6828
12:22:51,6361
12:22:52,7270
12:22:53,8931
12:22:54,9639
12:22:55,8721
12:22:56,9913
12:22:57,10190
12:22:58,8577
12:22:59,10675
12:23:00,10137
12:23:01,9134
12:23:02,6793
12:23:03,6730
12:23:04,8472
12:23:05,9205
12:23:06,7993
12:23:07,11955
12:23:08,8843
12:23:09,7720
12:23:10,9225
12:23:11,11355
12:23:12,9553
12:23:13,9115
12:23:14,11087
12:23:15,8702
12:23:16,5756
12:23:17,5298
12:23:18,5327
12:23:19,5325
12:23:20,5859
12:23:21,6722
12:23:22,9452
12:23:23,11570
12:23:24,11339
12:23:25,10658
12:23:26,10589
12:23:27,11181
12:23:28,10138
12:23:29,10168
12:23:30,10168
12:23:31,9437
12:23:32,9388
12:23:33,9183
12:23:34,9310
12:23:35,9207
12:23:36,8019
12:23:37,8330
12:23:38,7058
12:23:39,7751
12:23:40,6684
12:23:41,6285
12:23:42,7825
12:23:43,7689
12:23:44,6810
12:23:45,4587
12:23:46,4334
12:23:47,4333
12:23:48,4398
12:23:49,4347
12:23:50,4350
12:23:51,4372
12:23:52,4577
12:23:53,4412
12:23:54,4587
12:23:55,4452
12:23:56,4527
12:23:57,4469
12:23:58,4553
12:23:59,4577
12:24:00,4512
12:24:01,4521
12:24:02,4738
12:24:03,4701
12:24:04,4675
12:24:05,6276
12:24:06,6002
12:24:07,4975
12:24:08,4810
12:24:09,4819
12:24:10,4659
12:24:11,4715
12:24:12,4718
12:24:13,4882
12:24:14,4703
12:24:15,4779
12:24:16,5003
12:24:17,4822
12:24:18,4894
12:24:19,4832
12:24:20,4965
12:24:21,4775
12:24:22,4732
12:24:23,4782
12:24:24,4799
12:24:25,4789
12:24:26,4843
12:24:27,4726
12:24:28,4772
12:24:29,4806
12:24:30,4841
12:24:31,4834
12:24:32,4891
12:24:33,4903
12:24:34,4950
12:24:35,4920
12:24:36,4979
12:24:37,5045
12:24:38,4694
12:24:39,4866
12:24:40,4849
12:24:41,4725
12:24:42,4717
12:24:43,4757
12:24:44,4917
12:24:45,4833
12:24:46,4789
12:24:47,4834
12:24:48,4722
12:24:49,4869
12:24:50,4774
12:24:51,4653
12:24:52,4670
12:24:53,4847
12:24:54,4869
12:24:55,4885
12:24:56,4947
12:24:57,4936
12:24:58,4814
12:24:59,4848
12:25:00,4836
12:25:01,4767
12:25:02,4897
12:25:03,4951
12:25:04,4811
12:25:05,5046
12:25:06,4951
12:25:07,5051
12:25:08,5015
12:25:09,4953
12:25:10,5023
12:25:11,5011
12:25:12,4906
12:25:13,4875
12:25:14,4834
12:25:15,4787
12:25:16,4827
12:25:17,4650
12:25:18,4727
12:25:19,4771
12:25:20,4938
12:25:21,4744
12:25:22,4793
12:25:23,4846
12:25:24,4809
12:25:25,4754
12:25:26,4902
12:25:27,4897
12:25:28,4829
12:25:29,4786
12:25:30,4875
12:25:31,4844
12:25:32,4771
12:25:33,4759
12:25:34,4830
12:25:35,4942
12:25:36,4804
12:25:37,4957
12:25:38,4867
12:25:39,4941
12:25:40,4957
12:25:41,5059
12:25:42,4860
12:25:43,4985
12:25:44,4946
12:25:45,5008
12:25:46,5015
12:25:47,5087
12:25:48,4911
12:25:49,5013
12:25:50,5037
12:25:51,4926
12:25:52,4876
12:25:53,5037
12:25:54,4985
12:25:55,4691
12:25:56,4373
12:25:57,4368
12:25:58,4699
12:25:59,4738
12:26:00,4818
12:26:01,4805
12:26:02,4970
12:26:03,4959
12:26:04,4800
12:26:05,4800
12:26:06,4845
12:26:07,4961
12:26:08,5145
12:26:09,4907
12:26:10,4951
12:26:11,4971
12:26:12,4997
12:26:13,4965
12:26:14,4917
12:26:15,4991
12:26:16,5033
12:26:17,5051
12:26:18,5101
12:26:19,5175
12:26:20,5000
12:26:21,5179
12:26:22,4990
12:26:23,5090
12:26:24,5057
12:26:25,4916
12:26:26,5071
12:26:27,5188
12:26:28,5055
12:26:29,5039
12:26:30,5090
12:26:31,5041
12:26:32,5068
12:26:33,5088
12:26:34,5101
12:26:35,5043
12:26:36,5057
12:26:37,5068
12:26:38,5117
12:26:39,5015
12:26:40,4954
12:26:41,4899
12:26:42,5096
12:26:43,5193
12:26:44,5283
12:26:45,5125
12:26:46,5212
12:26:47,5265
12:26:48,5293
12:26:49,5318
12:26:50,5440
12:26:51,5153
12:26:52,5194
12:26:53,5312
12:26:54,5380
12:26:55,5885
12:26:56,7336
12:26:57,9559
12:26:58,10738
12:26:59,10766
12:27:00,10652
12:27:01,11870
12:27:02,12985
12:27:03,13162
12:27:04,13212
12:27:05,12660
12:27:06,12736
12:27:07,12237
12:27:08,10721
12:27:09,9799
12:27:10,9329
12:27:11,9236
12:27:12,9522
12:27:13,9779
12:27:14,9489
12:27:15,10581
12:27:16,10839
12:27:17,10792
12:27:18,10460
12:27:19,10255
12:27:20,10640
12:27:21,10778
12:27:22,10833
12:27:23,10699
12:27:24,10877
12:27:25,10448
12:27:26,9483
12:27:27,9121
12:27:28,9610
12:27:29,10167
12:27:30,9775
12:27:31,8914
12:27:32,8744
12:27:33,9566
12:27:34,10492
12:27:35,10813
12:27:36,11047
12:27:37,11467
12:27:38,11928
12:27:39,12160
12:27:40,11816
12:27:41,11723
12:27:42,11313
12:27:43,13228
12:27:44,12386
12:27:45,12191
12:27:46,12439
12:27:47,12495
12:27:48,12548
12:27:49,11934
12:27:50,11613
12:27:51,11566
12:27:52,11125
12:27:53,10849
12:27:54,10539
12:27:55,10256
12:27:56,10291
12:27:57,10466
12:27:58,11179
12:27:59,10728
12:28:00,11058
12:28:01,10699
12:28:02,10702
12:28:03,11552
12:28:04,11597
12:28:05,11437
12:28:06,11633
12:28:07,11341
12:28:08,10565
12:28:09,10179
12:28:10,9557
12:28:11,9691
12:28:12,10123
12:28:13,10721
12:28:14,10630
12:28:15,10754
12:28:16,10328
12:28:17,9930
12:28:18,9727
12:28:19,9472
12:28:20,9744
12:28:21,9788
12:28:22,10020
12:28:23,9823
12:28:24,9607
12:28:25,9714
12:28:26,9477
12:28:27,9631
12:28:28,9637
12:28:29,9457
12:28:30,9077
12:28:31,9295
12:28:32,9232
12:28:33,8946
12:28:34,9180
12:28:35,8800
12:28:36,9072
12:28:37,9304
12:28:38,9215
12:28:39,9279
12:28:40,9716
12:28:41,9699
12:28:42,9955
12:28:43,10571
12:28:44,12110
12:28:45,12304
12:28:46,12773
12:28:47,13652
12:28:48,13481
12:28:49,13643
12:28:50,13699
12:28:51,15355
12:28:52,17665
12:28:53,19872
12:28:54,19220
12:28:55,14149
12:28:56,19082
12:28:57,19408
12:28:58,20341
12:28:59,20860
12:29:00,25055
12:29:01,27269
12:29:02,26497
12:29:03,26350
12:29:04,23320
12:29:05,22397
12:29:06,23918
12:29:07,24630
12:29:08,25930
12:29:09,23938
12:29:10,20303
12:29:11,18826
12:29:12,18532
12:29:13,16029
12:29:14,15240
12:29:15,15391
12:29:16,15034
12:29:17,15815
12:29:18,16146
12:29:19,15151
12:29:20,13400
12:29:21,14916
12:29:22,15836
12:29:23,16346
12:29:24,14864
12:29:25,13808
12:29:26,15301
12:29:27,15251
12:29:28,15639
12:29:29,15215
12:29:30,14956
12:29:31,16453
12:29:32,14890
12:29:33,13280
12:29:34,9072
12:29:35,8535
12:29:36,8878
12:29:37,10086
12:29:38,11188
12:29:39,9441
12:29:40,9315
12:29:41,9468
12:29:42,11049
12:29:43,11662
12:29:44,13247
12:29:45,10067
12:29:46,8232
12:29:47,7413
12:29:48,11523
12:29:49,10980
12:29:50,9556
12:29:51,10328
12:29:52,12160
12:29:53,13682
12:29:54,14253
12:29:55,14285
12:29:56,14665
12:29:57,14107
12:29:58,12673
12:29:59,12089
12:30:00,9862
12:30:01,9281
12:30:02,8601
12:30:03,8982
12:30:04,9161
12:30:05,9402
12:30:06,8557
12:30:07,7472
12:30:08,7399
12:30:09,7186
12:30:10,7199
12:30:11,7343
12:30:12,16777200
12:30:13,16777200
12:30:14,16777200
12:30:15,16777200
12:30:16,16777200
12:30:17,16777200
12:30:18,16777200
12:30:19,0
12:30:20,0
12:30:21,0
12:30:22,4
12:30:23,319
12:30:24,1497
12:30:25,2107
12:30:26,3253
12:30:27,3999
12:30:28,4724
12:30:29,5475
12:30:30,6993
12:30:31,7082
12:30:32,7807
12:30:33,7134
12:30:34,7940
12:30:35,10996
12:30:36,22480
12:30:37,29058
12:30:38,35732
12:30:39,37565
12:30:40,29743
12:30:41,22887
12:30:42,11983
12:30:43,6472
12:30:44,5753
12:30:45,5631
12:30:46,5521
12:30:47,5442
12:30:48,5573
12:30:49,5463
12:30:50,5564
12:30:51,5720
12:30:52,5574
12:30:53,5998
12:30:54,5902
12:30:55,5671
12:30:56,7791
12:30:57,9689
12:30:58,6806
12:30:59,5832
12:31:00,5579
12:31:01,5428
12:31:02,5383
12:31:03,5468
12:31:04,5397
12:31:05,5330
12:31:06,5360
12:31:07,5508
12:31:08,5301
12:31:09,8729
12:31:10,9753
12:31:11,6771
12:31:12,5941
12:31:13,5882
12:31:14,5847
12:31:15,5683
12:31:16,5683
12:31:17,5512
12:31:18,5476
12:31:19,5430
12:31:20,5554
12:31:21,5481
12:31:22,5439
12:31:23,5596
12:31:24,5635
12:31:25,5680
12:31:26,5536
12:31:27,5520
12:31:28,5635
12:31:29,5748
12:31:30,5916
12:31:31,6129
12:31:32,6369
12:31:33,6250
12:31:34,6305
12:31:35,6517
12:31:36,6703
12:31:37,6720
12:31:38,7066
12:31:39,7177
12:31:40,7338
12:31:41,7327
12:31:42,7322
12:31:43,7384
12:31:44,7629
12:31:45,7281
12:31:46,7200
12:31:47,7160
12:31:48,7318
12:31:49,7269
12:31:50,7307
12:31:51,7031
12:31:52,7398
12:31:53,7384
12:31:54,6961
12:31:55,7221
12:31:56,7227
12:31:57,7613
12:31:58,8683
12:31:59,7001
12:32:00,6228
12:32:01,6283
12:32:02,5927
12:32:03,5744
12:32:04,5924
12:32:05,5873
12:32:06,5851
12:32:07,6109
12:32:08,6093
12:32:09,6191
12:32:10,6879
12:32:11,7410
12:32:12,7592
12:32:13,8905
12:32:14,9939
12:32:15,11288
12:32:16,24435
12:32:17,41033
12:32:18,51982
12:32:19,53801
12:32:20,77675
12:32:21,106336
12:32:22,82786
12:32:23,58129
12:32:24,48683
12:32:25,50309
12:32:26,35423
12:32:27,53199
12:32:28,37782
12:32:29,23134
12:32:30,28066
12:32:31,32482
12:32:32,23165
12:32:33,21308
12:32:34,19813
12:32:35,19385
12:32:36,19672
12:32:37,18946
12:32:38,18703
12:32:39,19978
12:32:40,21110
12:32:41,32152
12:32:42,37413
12:32:43,37650
12:32:44,46961
12:32:45,55110
12:32:46,54407
12:32:47,32089
12:32:48,14665
12:32:49,8935
12:32:50,7314
12:32:51,6562
12:32:52,6084
12:32:53,6250
12:32:54,6243
12:32:55,6202
12:32:56,6143
12:32:57,6228
12:32:58,6286
12:32:59,14874
12:33:00,16893
12:33:01,9035
12:33:02,7064
12:33:03,6382
12:33:04,6239
12:33:05,6556
12:33:06,7412
12:33:07,8226
12:33:08,8116
12:33:09,7863
12:33:10,7681
12:33:11,7386
12:33:12,7609
12:33:13,7707
12:33:14,7416
12:33:15,7518
12:33:16,7417
12:33:17,7419
12:33:18,7292
12:33:19,7277
12:33:20,7168
12:33:21,7258
12:33:22,7233
12:33:23,7137
12:33:24,7099
12:33:25,7030
12:33:26,6922
12:33:27,6793
12:33:28,6719
12:33:29,6842
12:33:30,7029
12:33:31,6868
12:33:32,6799
12:33:33,6887
12:33:34,6747
12:33:35,6841
12:33:36,6950
12:33:37,7106
12:33:38,7368
12:33:39,7365
12:33:40,7399
12:33:41,7455
12:33:42,7530
12:33:43,7634
12:33:44,7644
12:33:45,7994
12:33:46,7986
12:33:47,7785
12:33:48,7976
12:33:49,7937
